Namee,Contact,City,Referencee,Handled_By,Leadd,Converted,To_Be_Converted
Dinesh Deenu,9923998794,Bageshwar,Google Ad,Ronak Jadhav,End Lead,NO,NO
Chellapandi Pandi,9782442949,Madurai,Google Ad,Deepali Kasatwar,Active lead,NO,NO
Anand Nanda,8929922349,jamakandi,Google Ad,Roshan Patil,Active lead,NO,NO
Saroj Kumar,8921739233,Kolkata,Google Ad,Kiran Dhakal,Active lead,NO,NO
Jitendrasinh Rajput Garashiya,9323891992,Anand,Insta,Pooja Melwani,Active lead,NO,NO
Manish Vaghasiya,9427179278,surat,Insta,Manisha Parte,Active lead,NO,NO
Piyush Raj,8983227238,Sitamarhi,Insta,Anchal Mishra,Hot lead,NO,NO
Gokul Msd,9222393999,Tirupur,Insta,Nilesh Shinde,Active lead,NO,NO
Raut Jayesh,8429291927,Dharampur,Insta,Deepali Yadav,Active lead,NO,NO
Sanjay Rai,9931729232,jameshpur,Insta,Ritik Yadav,End Lead,NO,NO
Ganesh Ramjivan Navandar,9923229122,Aurangabad,Insta,Abhijeet Bramhane,End Lead,NO,NO
Ramakanta Palei,9438399222,Bhadrak,Insta,Akash Sharma,Active lead,NO,NO
Balakrishna Tandel,9489991391,Karwar,Insta,Suryakant Choudhary,Active lead,NO,NO
Umesh Vaidya,9822299927,Chicago,Insta,Sushant Nikam,Active lead,NO,NO
Sagar Patil,8922229922,Solapur,FB,Azimuddin Mohd,End Lead,NO,NO
Kamlesh Kb,8299139992,bhilawada,FB,Tamanna Sahu,Active lead,NO,NO
Prabhat Pathak,8999848127,Barabanki,FB,Rohit Sonar,End Lead,NO,NO
Mohan Chakkarwar,9421949873,Nanded,FB,Ronak Jadhav,Active lead,NO,NO
Sanjay Mahawar,9413992492,khairthal,FB,Deepali Kasatwar,End Lead,NO,NO
Srinivasreddy Rollakanti,9222979929,Miryalaguda,FB,Roshan Patil,End Lead,NO,NO
Praveen Kumar Shukla,9889391498,Lakhimpur,FB,Kiran Dhakal,End Lead,NO,NO
Anil Kumar Padigela,8897299292,Vemulawada,FB,Pooja Melwani,End Lead,NO,NO
Joyjit Mukherjee,9832382221,Kolkata,FB,Manisha Parte,End Lead,NO,NO
Bhavik Patel,9979211949,Surat,Investment Leads,Anchal Mishra,Active lead,NO,NO
Er. SHRIJAN URMALIA,9949281217,Kolkata,Investment Leads,Nilesh Shinde,Active lead,NO,NO
Mahantagouda Patil,9232829732,Mumbai,Investment Leads,Deepali Yadav,Hot lead,YES,Coverted
Harpal Sinh,9933898494,Surat,Investment Leads,Ritik Yadav,Active lead,NO,NO
Akash Kadam,8722897794,Solapur,Investment Leads,Abhijeet Bramhane,End Lead,NO,NO
amit Shah,9719389914,Surat,Investment Leads,Akash Sharma,Active lead,NO,NO
Sathya,9229789827,Nagpur,Investment Leads,Suryakant Choudhary,End Lead,NO,NO
Samadhan Sonawane,9724989992,Nagpur,Investment Leads,Sushant Nikam,End Lead,NO,NO
Pratik Rajebhosale,7728871299,Solapur,Investment Leads,Azimuddin Mohd,End Lead,NO,NO
Swayam Patil,7321122992,Mumbai,Calling,Tamanna Sahu,Active lead,NO,NO
Soham Kadam,8297127721,Solapur,Calling,Rohit Sonar,Active lead,NO,NO
Bhavesh Patel,9239222222,Surat,Calling,Sushant Nikam,Hot lead,NO,YES
Pratik Patil,2372222329,Mumbai,whatsapp,Azimuddin Mohd,Hot lead,YES,Coverted
Tanish choudary,9929722298,Surat,whatsapp,Tamanna Sahu,Hot lead,YES,Coverted
Shushant Bhatt,8242723322,Punjab,whatsapp,Rohit Sonar,End Lead,NO,NO
Atul Kumar Arora,8817188889,Mumbai,Investment Leads,Ronak Jadhav,Active lead,NO,NO
Bhushan,9972227728,Mumbai,Investment Leads,Deepali Kasatwar,Active lead,NO,NO
Vishal Sitlani,8392387222,Surat,Investment Leads,Roshan Patil,Hot lead,YES,Coverted
Mohansingh Pardeshi,9193912872,Solapur,Investment Leads,Kiran Dhakal,Active lead,NO,NO
JB,9239228218,Mumbai,Investment Leads,Pooja Melwani,Hot lead,YES,Coverted
Pratik,7784977728,Nagpur,whatsapp,Manisha Parte,End Lead,NO,NO
Soham,7819347492,Mumbai,whatsapp,Anchal Mishra,Hot lead,YES,Coverted
Swayam,7792282223,Surat,whatsapp,Nilesh Shinde,Hot lead,YES,Coverted
Ameya,7799112293,tamilnadu,whatsapp,Deepali Yadav,End Lead,NO,NO
Harshal,7287932288,Mumbai,whatsapp,Ritik Yadav,Active lead,NO,NO
Viransh,8978282192,ballia,whatsapp,Abhijeet Bramhane,Active lead,NO,NO
Dhruwa Narayan Singh,9422289292,Ballia,Google Ad,Akash Sharma,Active lead,NO,NO
Amrit Arora,9812489713,jaitu punjab,Google Ad,Suryakant Choudhary,Active lead,NO,NO
SN Bhaskar Ram Reddy,8792922788,Kolar Gold Fields (KGF),Google Ad,Sushant Nikam,End Lead,NO,NO
Anil Kumar,9784192932,Alwar City,Google Ad,Azimuddin Mohd,End Lead,NO,NO
Pãñkäj Sïngh NEgï,7232933194,Dehradun,Google Ad,Tamanna Sahu,Hot lead,NO,NO
Amresh Singh,2282489914,Singapore,Google Ad,Rohit Sonar,Active lead,NO,NO
Rinku Meena,9289224944,Jaipur,Google Ad,Ronak Jadhav,Active lead,NO,NO
Anil Mishra,7324199322,Hatta,Google Ad,Deepali Kasatwar,End Lead,NO,NO
Arun Chauhan,8779312129,Mumbai,Insta,Roshan Patil,Hot lead,NO,YES
Rajiv Khera,9227129222,Amritsar Punjab,Insta,Kiran Dhakal,End Lead,NO,NO
Wasim Akram,9272129843,SAMASTIPUR,Insta,Pooja Melwani,End Lead,NO,NO
Raj Kumar,9932982889,Barabanki,Insta,Manisha Parte,Active lead,NO,NO
Dilip Dastavej,8829884229,Mehsana,Insta,Anchal Mishra,Active lead,NO,NO
Yashwant Gayakawad,9724999219,nagpur,Insta,Nilesh Shinde,Active lead,NO,NO
Fazil,9944812439,Coimbatore,FB,Deepali Yadav,Active lead,NO,NO
Vikram Khanvilkar,9422992922,ratnagiri,FB,Ritik Yadav,End Lead,NO,NO
Chakkara Jayaraj,9492921222,"Wayanad, Kerala.",FB,Abhijeet Bramhane,End Lead,NO,NO
Suresh Aala,9399229129,Podili,FB,Akash Sharma,Active lead,NO,NO
Rajaovia Rajaovia,9788229492,tamilnadu,FB,Suryakant Choudhary,End Lead,NO,NO
Rajesh Singh Yadav,9929278922,Gwalior,FB,Sushant Nikam,End Lead,NO,NO
Bhart Shukla,7894922272,Dharmshala (Dharamshala),FB,Azimuddin Mohd,Active lead,NO,NO
Ravi Prasad,8192397933,Mysore,FB,Tamanna Sahu,Hot lead,NO,NO
Savita Dilip Nikam,9923292482,Aurangabad,FB,Rohit Sonar,Active lead,NO,NO
Binanda Doley,8927748131,Ase,Google Ad,Ronak Jadhav,Active lead,NO,NO
Kamalapuram Phanikumar,8882222292,adoni,Google Ad,Deepali Kasatwar,Active lead,NO,NO
mayank CHOUDHARY,8989297224,gadarwara,Google Ad,Roshan Patil,End Lead,NO,NO
Thanniru Naresh,9281812299,Khammam,Google Ad,Kiran Dhakal,End Lead,NO,NO
Balaji Nachiappan,9884812799,Chennai,Google Ad,Pooja Melwani,Hot lead,NO,NO
Sumit Ghosh,7989937372,Kolkata,Insta,Manisha Parte,Active lead,NO,NO
shivaprasanna,9932298422,Kampli,Insta,Anchal Mishra,End Lead,NO,NO
Kamal Hossain Khan,9732242122,midnapur,Insta,Nilesh Shinde,End Lead,NO,NO
Sachin Nandurke,9723299749,Madha,Insta,Deepali Yadav,Active lead,NO,NO
Dayashankar Jaiswal,8983348292,Motihari,Insta,Ritik Yadav,Active lead,NO,NO
Hidayathulla sharief,9889399279,Bangalore,Insta,Abhijeet Bramhane,End Lead,NO,NO
Mandeep Kumar Srivastava,9918223479,Kolkata,Insta,Akash Sharma,Hot lead,NO,NO
Jatin Bhadiyadra,9427292791,Toronto,Insta,Suryakant Choudhary,Active lead,NO,NO
Chandan Dasgupta,7982294923,Allahabad,Insta,Sushant Nikam,End Lead,NO,NO
Prabhat Nath,9212974298,Imphal,FB,Azimuddin Mohd,End Lead,NO,NO
Kawaljeet Kaur,9912849213,ranipet,FB,Tamanna Sahu,End Lead,NO,NO
Mahesh Patel,9919419822,anantnag,FB,Ronak Jadhav,Active lead,NO,NO
Sunil Jain,9314882227,Mumbai,FB,Deepali Kasatwar,Active lead,NO,NO
Sankar Das,9134387232,Vyara,FB,Roshan Patil,End Lead,NO,NO
Jyoti goyal,9891921419,kallakurichi,FB,Kiran Dhakal,Active lead,NO,NO
Kovil Pandi Mass,9374822722,Gondal,FB,Pooja Melwani,Active lead,NO,NO
Dharmaraj Raut,8989282222,Tirunelveli,FB,Manisha Parte,Active lead,NO,NO
Santhosh M,9993442779,Gondal,Investment Leads,Anchal Mishra,End Lead,NO,NO
Tippani mallesh,9792999333,Tamilnadu,Investment Leads,Nilesh Shinde,Hot lead,YES,Coverted
Vibin Nair,9972372213,Tamilnadu,Investment Leads,Deepali Yadav,Active lead,NO,NO
Sribind Singh Rathor,9228399739,Lucknow,Investment Leads,Ritik Yadav,Active lead,NO,NO
Abhijeet Rai,8789392242,Badlapur,Investment Leads,Abhijeet Bramhane,Active lead,NO,NO
Prashant Mishra,9118792239,Lucknow,Investment Leads,Akash Sharma,Hot lead,NO,NO
DARSH THAKKAR,7878237232,Bihar,Investment Leads,Suryakant Choudhary,End Lead,NO,NO
Jitendra Pal,9422728998,Bihar,Investment Leads,Sushant Nikam,End Lead,NO,NO
Sundar Raj,9741297922,Badlapur,Investment Leads,Azimuddin Mohd,Active lead,NO,NO
Ameya Patil,7288931312,Mumbai,whatsapp,Tamanna Sahu,Active lead,NO,NO
Dipesh Mhatre,7292272999,Mumbai,whatsapp,Ronak Jadhav,Hot lead,YES,Coverted
Kapil Sharma,8991394437,Surat,Google Ad,Deepali Kasatwar,Hot lead,NO,NO
vishal,9927222821,Kalyan,Google Ad,Roshan Patil,Active lead,NO,NO
Atulya Chandra Sarin,9719228722,Kashmir,Google Ad,Kiran Dhakal,Active lead,NO,NO
Elijah Brown,9492392712,Kerla,Google Ad,Pooja Melwani,End Lead,NO,NO
Naved Tahir,9421498342,Hydrabad,Google Ad,Manisha Parte,End Lead,NO,NO
Suvendhu Das,8142238318,Kolkata,Google Ad,Anchal Mishra,Active lead,NO,NO
Sandeep Kumar,8219872913,Lucknow,Google Ad,Nilesh Shinde,Active lead,NO,NO
Dev Meher,9178329917,Navi Mumbai,Google Ad,Deepali Yadav,Hot lead,NO,NO
Syed Rizwan Geelani,9292971342,Hydrabad,Google Ad,Ritik Yadav,End Lead,NO,NO
Sathish Tvs,9224999929,Mumbai,Insta,Abhijeet Bramhane,Active lead,NO,NO
Dhiraj B,9492224838,Navi Mumbai,Insta,Akash Sharma,Hot lead,NO,NO
Prateek Gupta,9319112142,Lucknow,Insta,Suryakant Choudhary,Active lead,NO,NO
Pravesh Kumar,8923392222,Lucknow,Insta,Sushant Nikam,Hot lead,NO,NO
AC Chaure,9921491237,Kerla,Insta,Azimuddin Mohd,Active lead,NO,NO
Jitender Sahni,9229122279,Surat,Insta,Tamanna Sahu,Hot lead,NO,NO
Thillai R,9129333999,Tamilnadu,Insta,Ronak Jadhav,Hot lead,NO,NO
Trigunananda Boderi Deori,9322122278,Kerla,Insta,Deepali Kasatwar,Active lead,NO,NO
Nimbha Chavda,8224943282,Kashmir,FB,Roshan Patil,End Lead,NO,NO
Apurva Suresh Tawde,8727371922,Solapur,FB,Kiran Dhakal,Active lead,NO,NO
Sukhlalbhai Kokani,9712213494,Sawantwadi,FB,Pooja Melwani,Active lead,NO,NO
Kunthi Devi,8882449277,Madhya Pradesh,FB,Manisha Parte,End Lead,NO,NO
ankur,9272822229,Sawantwadi,FB,Anchal Mishra,Active lead,NO,NO
Babu Kj,9843132228,Kolkata,FB,Nilesh Shinde,End Lead,NO,NO
Mohtasham mirza,9927388287,Hydrabad,Investment Leads,Deepali Yadav,End Lead,NO,NO
SathishKumar,9843219218,Lucknow,Investment Leads,Ritik Yadav,Active lead,NO,NO
Bc C Nath,7982292242,Tamilnadu,Investment Leads,Abhijeet Bramhane,Hot lead,YES,Coverted
Neha Kumari,7299972399,Madhya Pradesh,Investment Leads,Akash Sharma,Active lead,NO,NO
Mohammed Imran,9932228741,Hydrabad,Investment Leads,Suryakant Choudhary,End Lead,NO,NO
Saket Gupta,9412423299,Madhya Pradesh,Investment Leads,Sushant Nikam,Active lead,NO,NO
Akshaykumar N,9229427729,Tamilnadu,Investment Leads,Azimuddin Mohd,Hot lead,YES,Coverted
Raju Awchar,8412992978,Kashmir,Investment Leads,Tamanna Sahu,End Lead,NO,NO
Soham pardeshi,8434222272,Navi Mumbai,whatsapp,Ronak Jadhav,Active lead,NO,YES
Ameya R,8779232772,Navi Mumbai,whatsapp,Deepali Kasatwar,Active lead,NO,NO
Dhiraj Naik,9121234442,Navi Mumbai,whatsapp,Roshan Patil,Hot lead,NO,YES
Ramanbhai Parmar,9974791131,Vadodara,Google Ad,Ronak Jadhav,End Lead,NO,NO
Eidi Majid,8822984273,Srinagar,Google Ad,Deepali Kasatwar,End Lead,NO,NO
Shajahana Begum,7799929494,Hyderabad,Google Ad,Roshan Patil,End Lead,NO,NO
Santosh Gavade,9829712922,nipani,Google Ad,Kiran Dhakal,Active lead,NO,NO
Hemant Jain,9329992419,Sheopur,Google Ad,Pooja Melwani,End Lead,NO,NO
Ritesh Hirwani,9839249311,Gorakhpur,Google Ad,Manisha Parte,End Lead,NO,NO
Ravi Kumar,9944999292,Orai,Google Ad,Anchal Mishra,Active lead,NO,NO
Durgaprasad Koppanathi,9792821224,VIJAYAWADA,Google Ad,Nilesh Shinde,End Lead,NO,NO
Suryakant Bonde,9723829232,Nagpur,FB,Deepali Yadav,Hot lead,NO,NO
Rohit Singhal,9289212821,Bharatpur,FB,Ritik Yadav,Hot lead,NO,NO
Joseph Vaidhyan,9442979321,Chennai,FB,Abhijeet Bramhane,Active lead,NO,NO
A K Nayak,8229422219,Bhadrak,FB,Akash Sharma,Active lead,NO,NO
Sachchidanand Pandey,1292938938,Dubai,FB,Suryakant Choudhary,End Lead,NO,NO
Subhadip Parua,7998992224,Haldia,FB,Sushant Nikam,End Lead,NO,NO
Shiva Kumara,9282171938,Madhya Pradesh,FB,Azimuddin Mohd,Active lead,NO,NO
Bani Raza,9917129998,Ramnagar,FB,Tamanna Sahu,End Lead,NO,NO
Danny Sindhu,7982322223,Itanagar,FB,Rohit Sonar,End Lead,NO,NO
Mc Lmualchin,8974994194,aizawl,Insta,Ronak Jadhav,Hot lead,NO,NO
Dipak Dhage,8298927728,Shrigonda,Insta,Deepali Kasatwar,End Lead,NO,NO
Ather Sultaan,9422177998,Parbhani,Insta,Roshan Patil,Active lead,NO,NO
Rashid Pahalvi,9792128242,Srinagar,Insta,Kiran Dhakal,End Lead,NO,NO
Ramesh Jagtap,8198999992,mumbai,Insta,Pooja Melwani,Active lead,NO,NO
Mg Devoraj Taid,9797223322,Lakhimpur,Insta,Manisha Parte,Active lead,NO,NO
Bhism Pal,8398974427,Rewari,Insta,Anchal Mishra,End Lead,NO,NO
Hemant Meghwal,9929222729,Kota,Insta,Nilesh Shinde,Hot lead,NO,NO
Sachin Joshi,8928287999,Nagpur,Investment Leads,Deepali Yadav,Hot lead,YES,Coverted
Manish Mattoo,9918242999,Kolkata,Investment Leads,Ritik Yadav,End Lead,NO,NO
Payal Lalwani,9822929922,Surat,Investment Leads,Abhijeet Bramhane,Hot lead,NO,NO
Saswat Priyabrat,9777279942,Nagpur,Investment Leads,Akash Sharma,End Lead,NO,NO
Vaibhav Lohagaonkar,7798228919,Palghar,Investment Leads,Suryakant Choudhary,Hot lead,NO,NO
Dhananjay Kumar,9122222122,lucknow,Investment Leads,Sushant Nikam,End Lead,NO,NO
Sade Arun Kumar,9822922332,Madhya Pradesh,Investment Leads,Azimuddin Mohd,End Lead,NO,NO
Harshal Patil,7228229849,Navi Mumbai,whatsapp,Tamanna Sahu,Active lead,NO,NO
Naimish sawant,8472932322,Solapur,whatsapp,Rohit Sonar,Active lead,NO,NO
Namdev kadam,9889372729,Nagpur,whatsapp,Manisha Parte,End Lead,NO,NO
Mahesh rana,7998249924,Kerla,Calling,Anchal Mishra,End Lead,NO,NO
Kalpesh patil,9372212497,Mumbai,Calling,Nilesh Shinde,Active lead,NO,NO
Sandeep rawat,9923273992,Mumbai,Calling,Deepali Yadav,Active lead,NO,NO
Pradeep Sansam,8229142992,Salem,Google Ad,Ronak Jadhav,End Lead,NO,NO
Ashutosh Bisi,7977832133,Rourkera,Google Ad,Deepali Kasatwar,Active lead,NO,NO
Prithrviraj,9429939292,Hardoi,Google Ad,Roshan Patil,End Lead,NO,NO
PRAVIN KUMAR,8192923721,chapra,Google Ad,Kiran Dhakal,End Lead,NO,NO
pradeep bhoir,9228928294,Rayagada,Google Ad,Pooja Melwani,End Lead,NO,NO
Mon Milon Taye,8729991299,Sivasagar,Google Ad,Manisha Parte,End Lead,NO,NO
GUL MOHOR,9822942942,PUNE,Google Ad,Anchal Mishra,Hot lead,NO,NO
Anil Bundela,9993729197,Indore,Google Ad,Nilesh Shinde,Active lead,NO,NO
AkashMishra,9972229742,Lucknow,whatsapp,Deepali Yadav,Active lead,NO,NO
Yash Jadhav,8892917899,Mangoav,whatsapp,Ritik Yadav,End Lead,NO,NO
Umesh Yadhav,7998819732,Madhya Pradesh,whatsapp,Abhijeet Bramhane,End Lead,NO,NO
Kiran ,7494492798,Navi Mumbai,whatsapp,Akash Sharma,Active lead,NO,NO
Sumeet,8898992222,Navi Mumbai,whatsapp,Suryakant Choudhary,End Lead,NO,NO
Arghya Chatterjee,9899299928,Kolkatta,Google Ad,Sushant Nikam,Hot lead,NO,YES
Subhajit patra,9279799222,Solapur,Google Ad,Azimuddin Mohd,End Lead,NO,NO
Manisha Purohit,9121239229,Surat,Google Ad,Tamanna Sahu,Hot lead,NO,NO
Nagajan Odedara,9898294281,Kashmir,Google Ad,Rohit Sonar,End Lead,NO,NO
Kuldeep Pandey,9422911148,Bhind Madhya Pradesh,FB,Ronak Jadhav,Active lead,NO,NO
Ehteshamul Haq Siddiqui,9149188227,Bahraich,FB,Deepali Kasatwar,End Lead,NO,NO
Ramesh Chary,9932222129,Hyderabad,FB,Roshan Patil,End Lead,NO,NO
Anand Kumar,9832129782,Ranchi,FB,Kiran Dhakal,Hot lead,NO,NO
Krishna Gopal Patidar,9424212482,Indore,FB,Pooja Melwani,Active lead,NO,NO
sushma kumari,8349229999,Pune,FB,Manisha Parte,Hot lead,NO,NO
Ht Deepu Poswal,9249778422,Nawa,FB,Anchal Mishra,End Lead,NO,NO
Vivek Bhoj,9842122922,Belgaum,Insta,Nilesh Shinde,End Lead,NO,NO
Manihrii Ememei,9891181722,Imphal,Insta,Deepali Yadav,End Lead,NO,NO
Subhas Biswas,9432329273,Chandannagar,Insta,Ritik Yadav,Active lead,NO,NO
Raj Irani,18973422924,Ranebennur,Insta,Abhijeet Bramhane,End Lead,NO,NO
Nurul Alam,9874922914,Raiganj,Insta,Akash Sharma,Active lead,NO,NO
Abdul Bari,7978344122,Phulbani,Insta,Suryakant Choudhary,Active lead,NO,NO
Pritam Hansraj,9471921819,patna,Insta,Sushant Nikam,Hot lead,YES,Coverted
Sancha Hang limboo,8983477222,Mumbai,Insta,Azimuddin Mohd,Active lead,NO,NO
Madyan Abhi,9729292998,Surat,PZ VIP,Tamanna Sahu,Hot lead,YES,Coverted
imran Mohammad,9222312199,Hydrabad,Investment Leads,Rohit Sonar,End Lead,NO,NO
Atish Kumar,8983783221,Madhya Pradesh,Investment Leads,Ronak Jadhav,Active lead,NO,NO
Saurabh Thakkar,9822998299,mumbai,Investment Leads,Deepali Kasatwar,Active lead,NO,NO
Abdul Aseeb,9782888899,Surat,Investment Leads,Roshan Patil,Hot lead,YES,Coverted
Het Patel,9933297734,Nagpur,Investment Leads,Kiran Dhakal,End Lead,NO,NO
Vinod Shelke,9992272321,Solapur,Investment Leads,Pooja Melwani,Hot lead,NO,NO
Mohit Gilhotra,9729774172,kolkatta,Investment Leads,Manisha Parte,Active lead,NO,NO
Swanand Chitnis,8272328392,Kashmir,Investment Leads,Anchal Mishra,End Lead,NO,NO
Ramraj,7299819933,Nagpur,Investment Leads,Nilesh Shinde,End Lead,NO,NO
SUNIL KUMAR RAWAT,7991727282,Raniganj,PZ VIP,Deepali Yadav,End Lead,NO,NO
Aviral,7997978981,Kanpur Nagar,PZ VIP,Ritik Yadav,End Lead,NO,NO
Icon Boy Di,9822724874,Belonia,Google Ad,Abhijeet Bramhane,End Lead,NO,NO
Prasant Kumar Roy,9932422424,Asansol,Google Ad,Akash Sharma,End Lead,NO,NO
Sâñâñ Afäñdï,7321322782,Bachhraon,Google Ad,Suryakant Choudhary,Active lead,NO,NO
Kishore Chandra Bal,9348324922,Bhadrak,Google Ad,Sushant Nikam,End Lead,NO,NO
Sunny Sapre,7772822283,Bemetara,Google Ad,Azimuddin Mohd,Active lead,NO,NO
Ranvijay Singh,9721977927,Mathura,Google Ad,Tamanna Sahu,Active lead,NO,NO
Panneer Selvam,9443499992,Dharapuram,Google Ad,Rohit Sonar,End Lead,NO,NO
Ravendra Kumar Patel,8878892999,Indore,Google Ad,Ronak Jadhav,Active lead,NO,NO
Bhavesh ,9972292234,mumbai,Calling,Deepali Kasatwar,Active lead,NO,NO
Dipesh kadam,9972774828,Agra,Calling,Roshan Patil,End Lead,NO,NO
Soham,9991911287,Agra,Calling,Kiran Dhakal,Hot lead,NO,NO
Resham singh maan,9789212221,bithnda,FB,Pooja Melwani,End Lead,NO,NO
Swapnajit Mishra,9772727727,cuttack,FB,Manisha Parte,End Lead,NO,NO
Wasfia Ahmad,9932492217,Lucknow,FB,Anchal Mishra,Active lead,NO,NO
Kumar Kl,9229998292,Chennai,FB,Nilesh Shinde,Active lead,NO,NO
Gautam Lama,9732993349,ALIPURDUAR,FB,Deepali Yadav,Active lead,NO,NO
Shridhar Dasari,9731999249,Dharwad,FB,Ritik Yadav,End Lead,NO,NO
Arpita Karforma,9432492217,Kolkata,FB,Abhijeet Bramhane,End Lead,NO,NO
Tarachand Meena,9829171789,jahazpur,FB,Akash Sharma,Active lead,NO,NO
Prashant Sharma,9242237278,Amritsar,FB,Suryakant Choudhary,End Lead,NO,NO
Dipak Raut,9937222299,Puri,Insta,Sushant Nikam,End Lead,NO,NO
Abdul Rasheed Basudeen,92999 33333,Chennai,Insta,Azimuddin Mohd,End Lead,NO,NO
Palash Maity,7783994882,Muzaffarpur,Insta,Tamanna Sahu,Active lead,NO,NO
Bhanuprashant Salam,9291927312,Kanker,Insta,Rohit Sonar,End Lead,NO,NO
Rabiul Islam,8237888292,English Bazar,Insta,Ronak Jadhav,Active lead,NO,NO
Binu K,9892981342,palakkad,Insta,Deepali Kasatwar,End Lead,NO,NO
Manish Thummar,9714271111,Surat,Insta,Roshan Patil,Hot lead,NO,YES
Subha Halder,8921478798,Kachrapara,Insta,Kiran Dhakal,Active lead,NO,NO
Sahithi,9119729943,Surat,Google Ad,Pooja Melwani,Hot lead,NO,NO
Manjunatha Naik,9211177712,Navi Mumbai,Google Ad,Manisha Parte,Active lead,NO,NO
sourabh sankapal,9122929292,Solapur,Google Ad,Anchal Mishra,Hot lead,NO,NO
Ali Khan,9412498372,Hydrabad,Google Ad,Nilesh Shinde,End Lead,NO,NO
Amalendu Dash,9337122119,Hydrabad,Investment Leads,Deepali Yadav,End Lead,NO,NO
Mayur Maheshwari,9284999232,nagpur,Investment Leads,Ritik Yadav,Hot lead,NO,NO
Jadeja Ajaysinh,9274793233,surat,Investment Leads,Abhijeet Bramhane,Hot lead,NO,YES
pradeep,9112977297,mumbai,Investment Leads,Akash Sharma,Active lead,NO,NO
Viswas Narayana,9222282792,nashik,Investment Leads,Suryakant Choudhary,End Lead,NO,NO
Bhalchandra Tambekar,9899472974,hydrabad,Investment Leads,Sushant Nikam,End Lead,NO,NO
Samsad khan,9822221822,Hydrabad,Investment Leads,Azimuddin Mohd,End Lead,NO,NO
Akbar Sherasiya,9999121279,hydrabad,Investment Leads,Tamanna Sahu,Active lead,NO,NO
amitchavan4555@gmail.com,7799932299,solapur,Investment Leads,Rohit Sonar,Hot lead,NO,NO
Iqbal Maddan,18292828293,New Delhi,Insta,Ronak Jadhav,Active lead,NO,NO
Hemamalini,9849818912,Chennai,Insta,Deepali Kasatwar,Active lead,NO,NO
Sahil Panjeta,9412322893,Kurukshetra,Insta,Roshan Patil,End Lead,NO,NO
Jayaraj GJ,9842482323,Tiruchirappalli,Insta,Kiran Dhakal,End Lead,NO,NO
Pritam Patra,7279832221,Haldia,Insta,Pooja Melwani,End Lead,NO,NO
Archana Chavan,7977922222,Parli Vaijnath,Insta,Manisha Parte,End Lead,NO,NO
Rajkumar Kanara,9291897449,Gandhinagar,Insta,Anchal Mishra,End Lead,NO,NO
Shweta,9273494399,Nashik,Insta,Nilesh Shinde,End Lead,NO,NO
Rajesh,9729229991,Surat,whatsapp,Deepali Yadav,Hot lead,NO,YES
Mahesh,9289924922,Navi Mumbai,whatsapp,Ritik Yadav,Active lead,NO,NO
Kailash,7291874992,Mumbai,whatsapp,Abhijeet Bramhane,Active lead,NO,NO
Mangesh,9722779213,Tamilnadu,Calling,Akash Sharma,End Lead,NO,NO
Swayam,8839782332,Nagpur,Calling,Suryakant Choudhary,End Lead,NO,NO
Rajesh Kumar,9422241799,MIRZAPUR (UP),PZ VIP,Sushant Nikam,End Lead,NO,NO
DR. ARUN MONY,9273291498,PRODDATUR,PZ VIP,Azimuddin Mohd,End Lead,NO,NO
Sourav ROY,7998922942,Kolkatta,Investment Leads,Tamanna Sahu,End Lead,NO,NO
Ajay Tanti,9924393224,Mumbai,Investment Leads,Rohit Sonar,Hot lead,NO,YES
Mohammad Umar Nishad Khan,8982224179,Mumbai,Investment Leads,Ronak Jadhav,Active lead,NO,NO
Sanjeev Kumar Jha,7879238882,Nagpur,Investment Leads,Deepali Kasatwar,Active lead,NO,NO
AnarDeen Agriculture,7727849497,nashik,Investment Leads,Roshan Patil,End Lead,NO,NO
Manjunath B Kulkarni,9999792389,Solapur,Investment Leads,Kiran Dhakal,Active lead,NO,NO
Ashok Gowda P,8722299947,Kerla,Investment Leads,Pooja Melwani,End Lead,NO,NO
Shashank Gowda,9141333222,Bangalore,FB,Manisha Parte,End Lead,NO,NO
Jelsad Hoque,9733222772,Murshidabad,FB,Anchal Mishra,End Lead,NO,NO
Pekken Basar,8974293772,Basar,FB,Nilesh Shinde,End Lead,NO,NO
Ranjit Singh Jhala,9292219292,Bari Sadri,FB,Deepali Yadav,End Lead,NO,NO
Ram Krishnan,9842792229,Sathyamangalam,FB,Ritik Yadav,End Lead,NO,NO
Sandeep Bansal,1722211244,Patiala,FB,Abhijeet Bramhane,End Lead,NO,NO
Sanjeev Kumar,9431893229,Purnea and Madhepura,FB,Akash Sharma,End Lead,NO,NO
Ravita Rathee,9818187982,Gurugram,FB,Suryakant Choudhary,End Lead,NO,NO
Rakesh Kicholiya,9822277121,Dewas,FB,Sushant Nikam,End Lead,NO,NO
Robert Tlau,9774481292,Aizawl,Google Ad,Azimuddin Mohd,End Lead,NO,NO
Sahajan Khan,9132418213,Kolkata,Google Ad,Tamanna Sahu,Active lead,NO,NO
Rubul Manki,9191132242,Biswanath Chariali,Google Ad,Rohit Sonar,End Lead,NO,NO
Nitesh Kaushik,7489798232,Akaltara,Google Ad,Anchal Mishra,Active lead,NO,NO
Ravi Kant Verma,9917879928,Firozabad,Google Ad,Nilesh Shinde,End Lead,NO,NO
Ankur Prajapati,9928199429,Pilibhit,Google Ad,Deepali Yadav,Active lead,NO,NO
Babin Das,9993331929,Hooghly,Google Ad,Ritik Yadav,Active lead,NO,NO
Phillip Lall Masih,9892227122,Ambala Cantt,Google Ad,Abhijeet Bramhane,Active lead,NO,NO
Rajesh Nasare,9829721239,Nagpur,Google Ad,Akash Sharma,End Lead,NO,NO
Prakash Basle,9842729824,Mysore,FB,Senthil Nadar,Active lead,NO,NO
Rajendra Kumar Sharma,9412911477,Lucknow,FB,Ronak Jadhav,Active lead,NO,NO
Smith Gu,12238974298,muvatupuzha,FB,Deepali Kasatwar,End Lead,NO,NO
Sai Ganesh,9922271474,Visakhapatnam,FB,Roshan Patil,End Lead,NO,NO
Sachin Deshmukh,7499282392,Akola,FB,Kiran Dhakal,End Lead,NO,NO
Anand Kumar Suryanarayanan,9442833473,Coimbatore,FB,Pooja Melwani,End Lead,NO,NO
Shubham,9972129227,Nashik,FB,Manisha Parte,End Lead,NO,NO
Sridhar Gajoju,9392241818,Jagtial,Google Ad,Anchal Mishra,End Lead,NO,NO
Ramanji,2392234491,Andhrapradesh,Google Ad,Nilesh Shinde,Active lead,NO,NO
James Kangujam,8131823994,Imphal,Google Ad,Deepali Yadav,End Lead,NO,NO
Rooptinder Kaur,8234918293,Kashipur,Google Ad,Ritik Yadav,Active lead,NO,NO
Mahadeva S K,7219327912,Mysore,Google Ad,Abhijeet Bramhane,Active lead,NO,NO
Mohan Gupta,7297178272,Lucknow,Investment Leads,Akash Sharma,End Lead,NO,NO
Huligemma Bidarkundi Bidarkundi,7223994421,Tamilnadu,Investment Leads,Suryakant Choudhary,Active lead,NO,NO
Dikshant Gupta,9912912929,Madhya Pradesh,Investment Leads,Sushant Nikam,End Lead,NO,NO
Mayank,9237197847,mumbai,Investment Leads,Azimuddin Mohd,Active lead,NO,NO
sasmita dungdung,9937322942,Kerla,Investment Leads,Tamanna Sahu,End Lead,NO,NO
Dilip Kumar,9787191718,Lucknow,Investment Leads,Rohit Sonar,End Lead,NO,NO
Pratik kumar,8882129172,Lucknow,whatsapp,Ronak Jadhav,End Lead,NO,NO
Bhavesh,9994384312,Surat,whatsapp,Deepali Kasatwar,Hot lead,NO,YES
Thakur,8429922489,Rajeshthan,whatsapp,Roshan Patil,Active lead,NO,NO
Santosh ,9834322939,Navi Mumbai,whatsapp,Kiran Dhakal,Active lead,NO,NO
Dileep kumar,8349288291,lucknow,PZ VIP,Pooja Melwani,Active lead,NO,NO
Alliraj R,9994882993,Mumbai,PZ VIP,Manisha Parte,End Lead,NO,NO
Namdev Labade patil,7927132391,Aurangabad,Insta,Anchal Mishra,End Lead,NO,NO
R C Ponraj,7373348321,covai,Insta,Nilesh Shinde,End Lead,NO,NO
Piyush karamchandani,7379983711,Gorakhpur,Insta,Deepali Yadav,End Lead,NO,NO
Dr Ahamed Nabeel,8299182224,Kollam,Insta,Ritik Yadav,End Lead,NO,NO
Stanley Sahaya Raja,9941372181,Chennai,Insta,Abhijeet Bramhane,End Lead,NO,NO
alliraj,9799378999,coimbatore,Insta,Akash Sharma,End Lead,NO,NO
Sanjay Kumar Srivastava,9431438242,ara,Insta,Suryakant Choudhary,End Lead,NO,NO
Ramasamy Karuppannasamy,9299314229,Salem,Insta,Sushant Nikam,End Lead,NO,NO
Gnanakumaran Sivagnanam,9989222942,Tiruchirappalli,Insta,Azimuddin Mohd,End Lead,NO,NO
Anos Gninof,9839973478,Siliguri,Insta,Tamanna Sahu,End Lead,NO,NO
Kalpana,2247272882,Mumbai,Investment Leads,Ronak Jadhav,Hot lead,YES,Coverted
amar,9998239818,bijapur near,Google Ad,Deepali Kasatwar,End Lead,NO,NO
Shashi Kumar Varma,7982112498,Noida,Google Ad,Azimuddin Mohd,Active lead,NO,NO
balraj gill,9422148223,Kaithal,Google Ad,Roshan Patil,End Lead,NO,NO
Ankush Sood,9732112921,Shimla,Google Ad,Pooja Melwani,End Lead,NO,NO
Lokendra Singh Jadoun,9979812883,Jaipur,Insta,Anchal Mishra,End Lead,NO,NO
Dheeraj Singh,8799292212,patna,Insta,Nilesh Shinde,End Lead,NO,NO
Trivendra Maravi,7949399119,Mandla,Insta,Ronak Jadhav,End Lead,NO,NO
Pulkit Banka,9792232272,Guntur,Insta,Deepali Kasatwar,End Lead,NO,NO
Aditya Nag Aditya Nag,8228911222,Rayagada,Insta,Abhijeet Bramhane,End Lead,NO,NO
Rakesh Sharma,9429392871,Jammu,Insta,Deepali Kasatwar,End Lead,NO,NO
devendra,9228998899,Vrindaban,Insta,Sushant Nikam,End Lead,NO,NO
Prem Kumar,9443449834,vellore,Insta,Tamanna Sahu,End Lead,NO,NO
Wasim Afzal,7889271994,Srinagar,Insta,Roshan Patil,End Lead,NO,NO
Mahaveer Shekhawat,9292228317,Jaipur,Insta,Sushant Nikam,End Lead,NO,NO
Raghunath Swain,8289122199,Berhampur,Insta,Tamanna Sahu,End Lead,NO,NO
Krishna Krish,9113827297,Chitradurga,FB,Deepali Kasatwar,End Lead,NO,NO
Rahul Srivastav,9422497419,Bareilly,FB,Tamanna Sahu,End Lead,NO,NO
Ravindrasingh Gaud,9822292722,Pune,FB,Sushant Nikam,End Lead,NO,NO
Bibhuti Naik,9439929211,Bolangir,FB,Azimuddin Mohd,End Lead,NO,NO
Manojpatra,8237292187,Baner,FB,Azimuddin Mohd,End Lead,NO,NO
Vijay Haribhau.mankar,9294318442,Akola maharashtra,FB,Azimuddin Mohd,End Lead,NO,NO
Bajrang Lal Saini,7972429912,Ramganjmandi,FB,Azimuddin Mohd,End Lead,NO,NO
Rashid Alam,7222822299,Bhagalpur,FB,Sushant Nikam,End Lead,NO,NO
Tukaram Bhagwan Kendre,8892147233,kandhar,FB,Pooja Melwani,End Lead,NO,NO
Manjula Sasilekha,9448322823,Bangalore,FB,Pooja Melwani,End Lead,NO,NO
Shrikant S Kamat,7983322712,KOLHAPUR,PZ VIP,Anchal Mishra,Active lead,NO,NO
Abhay Suryavanshi,9829392979,Chalisgaon,PZ VIP,Anchal Mishra,Active lead,NO,NO
Kalyani,8239344141,Tamilnadu,whatsapp,Abhijeet Bramhane,Active lead,NO,NO
Krish,9412932888,Navi Mumbai,whatsapp,Abhijeet Bramhane,Active lead,NO,NO
Ekansh,8899843913,Mumbai,whatsapp,Nilesh Shinde,Active lead,NO,NO
Dipshika,9229417138,Mumbai,whatsapp,Nilesh Shinde,Active lead,NO,NO
Balaji Sarangapani,9222994221,Lucknow,Investment Leads,Abhijeet Bramhane,Active lead,NO,NO
Farmers Hub,9448482292,Mumbai,Investment Leads,Nilesh Shinde,Active lead,NO,NO
Khursed Alam,9212299392,Mumbai,Investment Leads,Deepali Kasatwar,Active lead,NO,NO
Inderjeet Khatuwas Ijy,9288927982,Tamilnadu,Investment Leads,Sushant Nikam,Active lead,NO,NO
Ashish,8229948232,Navi Mumbai,Investment Leads,Ronak Jadhav,Active lead,NO,NO
ASH,9222412228,Nagpur,Investment Leads,Ronak Jadhav,End Lead,NO,NO
Chetan Pawaiya,9922212777,Nashik,Investment Leads,Tamanna Sahu,End Lead,NO,NO
Sandeep Panigrahi,7978248911,Mumbai,Investment Leads,Senthil Nadar,End Lead,NO,NO
sai_pawar22,9294287129,Surat,Investment Leads,Ronak Jadhav,End Lead,NO,NO
Rajan,8847383822,Surat,Investment Leads,Deepali Kasatwar,Active lead,NO,NO
Rajeev Lankapalli,8919742231,Tamilnadu,Investment Leads,Roshan Patil,Active lead,NO,NO
Suryansh Pratap Singh,9928422211,Patna,whatsapp,Kiran Dhakal,Hot lead,YES,Coverted
Shubham Singh,7792294992,Agra,Investment Leads,Pooja Melwani,End Lead,NO,NO
Titiksha Govindjiwala Gupta,9479927227,Nagpur,whatsapp,Manisha Parte,Hot lead,YES,Coverted
Samer D,8423232921,bhubaneswar,Investment Leads,Anchal Mishra,End Lead,NO,NO
Sameer Aggarwal,8923988872,chakur,Investment Leads,Nilesh Shinde,End Lead,NO,NO
Yuvraj,8722282897,belgaum,Insta,Deepali Yadav,Hot lead,YES,Coverted
Skumar Kumar,9931922927,mysore,Investment Leads,Ritik Yadav,End Lead,NO,NO
Sameer Khan,9723314179,Rourkela,Investment Leads,Abhijeet Bramhane,End Lead,NO,NO
SumitB,9741823124,kendrapara,Investment Leads,Akash Sharma,End Lead,NO,NO
Praveen Kumar Reddy,9222177924,baragur,Investment Leads,Suryakant Choudhary,End Lead,NO,NO
Saroj Kumar Mohapatra,9439982921,Konarka,Investment Leads,Sushant Nikam,End Lead,NO,NO
Manuel Baptista,9819292923,Bangalore,Investment Leads,Azimuddin Mohd,Active lead,NO,NO
Mike Ivan,7412399989,"pathri, parbhani",Investment Leads,Tamanna Sahu,End Lead,NO,NO
Satya Ranjan Rout,9232927228,bhubaneswar,Insta,Rohit Sonar,End Lead,NO,NO
Rahul Aradwad,8999222929,chakur,Insta,Senthil Nadar,End Lead,NO,NO
Harish Sogalad,9198818722,belgaum,Insta,Ronak Jadhav,Active lead,NO,NO
Javeed Ahamed,9291822482,mysore,Insta,Deepali Kasatwar,Active lead,NO,NO
Jyoti Prakash Pal,8117822921,Rourkela,Insta,Roshan Patil,End Lead,NO,NO
Hiranya Samal,9911372292,kendrapara,Insta,Kiran Dhakal,End Lead,NO,NO
Sidda Lingappa,9232292217,baragur,Insta,Pooja Melwani,End Lead,NO,NO
Surendra Sahoo,9437327292,Konarka,Insta,Manisha Parte,End Lead,NO,NO
Pramod Kumar Pramod,9282328212,Bangalore,Insta,Anchal Mishra,Active lead,NO,NO
Parkash Ujagareइ,9222943328,"pathri, parbhani",Insta,Nilesh Shinde,End Lead,NO,NO
Shyamal Halder,9734279748,Falta,Insta,Deepali Yadav,End Lead,NO,NO
Mohammed Thakiuddeen,9741497124,Puttur,Insta,Ritik Yadav,End Lead,NO,NO
Rahul Prabhakar Badgujar,9823292417,Boradi,Google Ad,Abhijeet Bramhane,End Lead,NO,NO
Prashanth Telsang,9489787928,Athani,Google Ad,Akash Sharma,End Lead,NO,NO
Chetan Patil,8398242399,Jalgaon,Google Ad,Suryakant Choudhary,End Lead,NO,NO
niraj,9229298799,Ajmer,Google Ad,Sushant Nikam,End Lead,NO,NO
Shrinath Shriya,7272224742,Hassan,Google Ad,Azimuddin Mohd,End Lead,NO,NO
Annappa Choudhari,7229292473,Vijayapur,Google Ad,Tamanna Sahu,End Lead,NO,NO
Rakesh Kumar,8434324912,barbigha sheakpura (vil maldah),Google Ad,Rohit Sonar,End Lead,NO,NO
Vijay Sindara,9993142211,Manawar,Google Ad,Senthil Nadar,End Lead,NO,NO
MANDLA MAWAI MP FARMER PRODUCER COMPANY LIMITED,9424932232,BICHHIYA,Google Ad,Ronak Jadhav,End Lead,NO,NO
Sagar Pandey,8149443794,Mogri,Google Ad,Deepali Kasatwar,End Lead,NO,NO
Bubhuti Tripathy,9938918729,bhubaneswar,Google Ad,Roshan Patil,End Lead,NO,NO
Yogesh deharia,9349297282,bhopal,FB,Kiran Dhakal,Active lead,NO,NO
Ashwini Mishra,9437129227,Bhubaneswar,FB,Pooja Melwani,Active lead,NO,NO
Rakesh Jain,9429189222,Jaipur,FB,Manisha Parte,Active lead,NO,NO
Libu Khan,8991882229,malda,FB,Anchal Mishra,Active lead,NO,NO
Babusona Mondal,7944339818,Naihati,FB,Nilesh Shinde,End Lead,NO,NO
Ansari Ali,7328292994,Chennai,FB,Deepali Yadav,Active lead,NO,NO
Narsing Kunapu,9849422231,Srikakulam,FB,Ritik Yadav,End Lead,NO,NO
Sridhar Selvam,9299323992,Tirupattur,FB,Abhijeet Bramhane,Active lead,NO,NO
Panchal Anil,9817329299,Safidon,FB,Akash Sharma,End Lead,NO,NO
Suresh Kumar,8722949933,Jaipur,FB,Suryakant Choudhary,Hot lead,YES,Coverted
Mohanavelan,9712218224,Erode,FB,Sushant Nikam,End Lead,NO,NO
Shahid Rasheed,9223224232,nashik,FB,Azimuddin Mohd,Active lead,NO,NO
Sath Ish,8897238431,Vellore,FB,Tamanna Sahu,End Lead,NO,NO
Gauri Sood Puri,8894822222,Shimla,FB,Rohit Sonar,Hot lead,YES,Coverted
Vishwa Jadhav,7229222992,Parbhani,FB,Senthil Nadar,End Lead,NO,NO
Siddhrath Jaiswal,9922923838,Navi Mumbai,PZ VIP,Ronak Jadhav,Active lead,NO,NO
Thankur Misha,7972221398,bhubaneswar,whatsapp,Deepali Kasatwar,End Lead,NO,NO
Rahul badgae,9972299424,chakur,whatsapp,Roshan Patil,End Lead,NO,NO
Prashant Sang,9324793322,belgaum,whatsapp,Kiran Dhakal,Active lead,NO,NO
Patil charu,9294942899,mysore,whatsapp,Pooja Melwani,Active lead,NO,NO
Niraj cho,9982287892,Rourkela,whatsapp,Manisha Parte,End Lead,NO,NO
Sreena,9791999322,kendrapara,whatsapp,Anchal Mishra,End Lead,NO,NO
Choudhari ,8827927849,baragur,whatsapp,Nilesh Shinde,End Lead,NO,NO
Rakesh bhaa,9827132949,Konarka,whatsapp,Deepali Yadav,End Lead,NO,NO
Vijay Sinda,9839983997,Bangalore,whatsapp,Ritik Yadav,Hot lead,YES,Coverted
dinakar reddy k,9449492229,Chittoor,PZ VIP,Ronak Jadhav,End Lead,NO,NO
Sagar chand,9142241233,mysore,Calling,Deepali Kasatwar,Active lead,NO,NO
Sammer,9887774297,Rourkela,Calling,Roshan Patil,End Lead,NO,NO
Gaurav,9122991922,kendrapara,whatsapp,Kiran Dhakal,Active lead,NO,NO
Farham,9.73E+09,baragur,whatsapp,Pooja Melwani,Active lead,NO,NO
Danish,9242474422,Konarka,whatsapp,Manisha Parte,Active lead,NO,NO
Shaik Naseer,9882812921,Bangalore,FB,Anchal Mishra,Active lead,NO,NO
V Karuppusamy,9222723248,Tamilnadu,FB,Nilesh Shinde,Active lead,NO,NO
Abhisek Roy,8348324313,Berhampore,FB,Deepali Yadav,End Lead,NO,NO
Prakash Gupta,9221293782,sitamarhi,FB,Ritik Yadav,End Lead,NO,NO
farhan,9432299992,Mumbai,FB,Abhijeet Bramhane,Hot lead,NO,YES
yesubabu katuri,9799289328,Nashik,FB,Akash Sharma,Hot lead,YES,Coverted
Santosh Sah,9924413931,Dibrugarh,FB,Suryakant Choudhary,End Lead,NO,NO
Abhay Pandey Řj,9928423222,Vaidpura Etawah,FB,Sushant Nikam,End Lead,NO,NO
zubair Raza,9113291248,Bangalore,FB,Azimuddin Mohd,Active lead,NO,NO
Rahul Rajput,8429339232,Surat,FB,Tamanna Sahu,Active lead,NO,NO
Mrinmay Ghosh,7292732232,Barnia,Insta,Rohit Sonar,End Lead,NO,NO
Yogesh Rahate,8972148998,Sengaon,Insta,Ronak Jadhav,End Lead,NO,NO
Geeta Singh,9282788117,Bareilly,Insta,Deepali Kasatwar,Active lead,NO,NO
Javed Hussain,9421297929,Udaipur,Insta,Roshan Patil,Active lead,NO,NO
Parveen kumar,8229822312,Karnal,Insta,Kiran Dhakal,End Lead,NO,NO
Vinod Gupta,9223922217,Kaimganj,Insta,Pooja Melwani,End Lead,NO,NO
Khan Bashir,9992998993,Sopore,Insta,Manisha Parte,End Lead,NO,NO
Hari Kumar,9982722972,Tirupathi,Insta,Anchal Mishra,Active lead,NO,NO
Gnana Sekaran.M,8879294821,Karur,Insta,Nilesh Shinde,End Lead,NO,NO
Raghu Raghav,9449129999,Mysore,Google Ad,Deepali Yadav,Active lead,NO,NO
Pardeep Vishwakarma,9219222321,shamli,Google Ad,Ritik Yadav,Active lead,NO,NO
Dharma,9947972727,Kanchipuram,Google Ad,Abhijeet Bramhane,End Lead,NO,NO
Karthik A,7981283189,Kadapa,Google Ad,Akash Sharma,End Lead,NO,NO
Ekta Singh,8722229291,Varanasi,Google Ad,Suryakant Choudhary,Active lead,NO,NO
Santhosh Teepireddy,9949324232,jagtial,Google Ad,Sushant Nikam,Active lead,NO,NO
Shravan Gupta,9412149923,sitapur,Google Ad,Azimuddin Mohd,Active lead,NO,NO
Arun Kumar Devara,9227971222,Ajmer district,Google Ad,Tamanna Sahu,Active lead,NO,NO
Anand,9422947423,varanasi,Google Ad,Rohit Sonar,Active lead,NO,NO
Yash Upadhyay,9313198797,shamli,Investment Leads,Ronak Jadhav,Active lead,NO,NO
Siddharth Konjengbam,8739924919,Kanchipuram,Investment Leads,Deepali Kasatwar,End Lead,NO,NO
somu,7349232222,Kadapa,Investment Leads,Roshan Patil,End Lead,NO,NO
Harish Nayak,9439999927,Varanasi,Investment Leads,Kiran Dhakal,Active lead,NO,NO
Narasimha Reddy,9222132278,jagtial,Investment Leads,Pooja Melwani,End Lead,NO,NO
Shubam Aggarwal,9824281231,sitapur,Investment Leads,Manisha Parte,End Lead,NO,NO
Navdeep Samra,7888919372,Ajmer district,Investment Leads,Anchal Mishra,Active lead,NO,NO
Navin,7912271728,Navi Mumbai,whatsapp,Ronak Jadhav,Active lead,NO,NO
Alpesh,9829291724,Mumbai,whatsapp,Deepali Kasatwar,Active lead,NO,NO
Sanjana,8219991911,delhi,whatsapp,Roshan Patil,Active lead,NO,NO
Ashok Reddy,9218817137,Markapur,FB,Kiran Dhakal,End Lead,NO,NO
sarvesh Singh Sengar,9794993912,Jhansi,FB,Pooja Melwani,Active lead,NO,NO
Sanjeev Verma,9329492111,etawah,FB,Manisha Parte,End Lead,NO,NO
Ashitosh Bhosale,8989721724,Satara . koregoan,FB,Anchal Mishra,End Lead,NO,NO
Piyush Kumar,9227998319,Morna,FB,Nilesh Shinde,End Lead,NO,NO
harendra Singh,9772921222,bharatpur,FB,Deepali Yadav,End Lead,NO,NO
anu,9222119321,Chennai,FB,Ritik Yadav,Active lead,NO,NO
Beant Singh,9417921794,FZR,Google Ad,Abhijeet Bramhane,Active lead,NO,NO
sandeep standlee,8239822329,Guntur,Google Ad,Akash Sharma,Active lead,NO,NO
Bandiya,7912919198,Jam khambhaliya,Google Ad,Suryakant Choudhary,Active lead,NO,NO
Medhini Farms,7919994818,Bengaluru,Google Ad,Sushant Nikam,Active lead,NO,NO
Dhvanilkumar bhikhubhai paradhi,9773422222,Chikhli Navsari Gujarat,Google Ad,Azimuddin Mohd,Active lead,NO,NO
wakas ibrahim kaware,9724821981,CHIPLUN,Google Ad,Tamanna Sahu,Active lead,NO,NO
Durga P,8399477729,Vellala cheruvu,Insta,Rohit Sonar,Active lead,NO,NO
Abdul sadab khan,9949999919,Balasore,Insta,Ronak Jadhav,End Lead,NO,NO
Surendra Singh,9292878222,Jaipur,Insta,Deepali Kasatwar,Active lead,NO,NO
Arata Trana Mahunta,7789919118,Jajpur,Insta,Roshan Patil,Active lead,NO,NO
Ravi Madhale,9749414189,bharatpur,Investment Leads,Kiran Dhakal,End Lead,NO,NO
Anoj Sidhu,9811288974,Chennai,Investment Leads,Pooja Melwani,Active lead,NO,NO
Fataniya Jay,7941737931,FZR,Investment Leads,Manisha Parte,End Lead,NO,NO
Sunil Chauhan,9971247193,Guntur,Investment Leads,Anchal Mishra,End Lead,NO,NO
Manikanta Kumar Veeravalli,9998943291,Jam khambhaliya,Investment Leads,Nilesh Shinde,End Lead,NO,NO
Aditya Sharma,9214999949,Bengaluru,Investment Leads,Deepali Yadav,Active lead,NO,NO
Abhishek Pawar,8237732882,RAIGAD,PZ VIP,Ritik Yadav,Active lead,NO,NO
Ganesh kade,8999279799,Mumbai,PZ VIP,Abhijeet Bramhane,Active lead,NO,NO
sanofar rafi,282873998,Trivandrum,PZ VIP,Akash Sharma,Active lead,NO,NO
manik bansal,9224393293,delhi,PZ VIP,Suryakant Choudhary,Active lead,NO,NO
Vibhor Meshram,9429242223,Aurangabad,Insta,Sushant Nikam,Hot lead,YES,Coverted
Raju,7412313332,Gorakhpur,Calling,Ronak Jadhav,End Lead,NO,NO
Ram,9727792999,Krishnagiri,Calling,Deepali Kasatwar,End Lead,NO,NO
Shyamaa,8897129143,Navi Mumbai,Calling,Roshan Patil,Active lead,NO,NO
SHAM,9821217272,Aurangabad,Calling,Kiran Dhakal,Hot lead,YES,Coverted
Kartttik,9349994129,Mumbai,whatsapp,Pooja Melwani,Hot lead,NO,YES
Rajan Singh Sishaudia,7889333922,Gorakhpur,FB,Manisha Parte,End Lead,NO,NO
Manoj Patel,7987781144,Bhubaneswar,FB,Anchal Mishra,End Lead,NO,NO
carring man,2374222499,Krishnagiri,FB,Nilesh Shinde,End Lead,NO,NO
Prit,9282221922,Himatnagar,FB,Deepali Yadav,End Lead,NO,NO
Amet Duggal,9999423429,Lucknow,FB,Ritik Yadav,Active lead,NO,NO
Sunny Pardeshi,7929392297,Pune,FB,Abhijeet Bramhane,Active lead,NO,NO
Kalyani Anagani,9347222723,Hyderabad,Google Ad,Akash Sharma,End Lead,NO,NO
Kuldeep Verma Verma,8822997291,Shahjahanpur,Google Ad,Suryakant Choudhary,Active lead,NO,NO
maulik rakholiya,9979134832,bhesan,Google Ad,Sushant Nikam,End Lead,NO,NO
Pradeep S Muttagi,7992299324,Hirekerur,Google Ad,Azimuddin Mohd,End Lead,NO,NO
Himanshu,9149979722,Vadodara,Google Ad,Tamanna Sahu,End Lead,NO,NO
Viraj Raichura,9823289713,Ahmedabad,Google Ad,Rohit Sonar,End Lead,NO,NO
PUSARAM TAK,9414229829,Aurangabad,Investment Leads,Ronak Jadhav,Active lead,NO,NO
Renuka Murthy,8822229291,Aurangabad,Investment Leads,Deepali Kasatwar,Active lead,NO,NO
Bagicha,9422922997,Fatehpur,Investment Leads,Roshan Patil,Active lead,NO,NO
Jadeja,9924992828,Cuttack,Investment Leads,Kiran Dhakal,Active lead,NO,NO
Sunny Thakur,9929279229,Kolkatta,Investment Leads,Pooja Melwani,Active lead,NO,NO
Shashikant,9731973397,Banaganapalle,Investment Leads,Manisha Parte,End Lead,NO,NO
Raju Pramanik,9121922129,delhi,Investment Leads,Anchal Mishra,Active lead,NO,NO
Ishwarbhai patel,9893133142,Aurangabad,PZ VIP,Nilesh Shinde,Active lead,NO,NO
C J Pathak,9822449922,Aurangabad,PZ VIP,Deepali Yadav,Active lead,NO,NO
Umesh Chandra,9429972299,Fatehpur,Insta,Ritik Yadav,End Lead,NO,NO
Prasenjit Das,9439829389,Cuttack,Insta,Abhijeet Bramhane,Active lead,NO,NO
Kamal Thakur,2293897919,Mumbai,Insta,Akash Sharma,Active lead,NO,NO
Tamidela Jaganatha Reddy,9499844999,Banaganapalle,Insta,Suryakant Choudhary,End Lead,NO,NO
Nagendra Kumar,7229981791,mahmoodabad,Insta,Sushant Nikam,End Lead,NO,NO
Girish Venkitadrinath,9499997318,Manjeri,Insta,Azimuddin Mohd,End Lead,NO,NO
Kalai Art,9498299847,coimbatore,Insta,Tamanna Sahu,End Lead,NO,NO
Prachi,8881382192,Mumbai,Investment Leads,Ronak Jadhav,Hot lead,YES,Coverted
radhika,8881382229,Nagpur ,Google Ad,Deepali Kasatwar,Hot lead,YES,Coverted
Pamela,8881382242,jamakandi,Google Ad,Roshan Patil,Active lead,NO,NO
Shraddha,8881382222,Kolkata,Google Ad,Kiran Dhakal,Hot lead,YES,Coverted
Ashish,8881382282,Anand,Insta,Pooja Melwani,Active lead,NO,NO
Khushi,8881382228,surat,Insta,Manisha Parte,Hot lead,NO,YES
Prajwal,8881382292,Navi Mumbai,Insta,Anchal Mishra,Hot lead,YES,Coverted
AjayDhakne,8881382313,Tirupur,Insta,Nilesh Shinde,Active lead,NO,NO
zehshaan,8881382229,Dharampur,Insta,Deepali Yadav,Hot lead,NO,YES
vivhapatil,8881382222,jameshpur,Insta,Ritik Yadav,Hot lead,YES,Coverted
Aditya vahwal,8881382224,Aurangabad,Insta,Abhijeet Bramhane,End Lead,NO,NO
Neel Thakur,8881382247,Bhadrak,Insta,Akash Sharma,Active lead,NO,NO
Pradeep madhvi,8881382294,Karwar,Insta,Suryakant Choudhary,Active lead,NO,NO
prashant patekar,8881382332,Chicago,Insta,Sushant Nikam,Active lead,NO,NO
Tushar Mhatre,8881382222,Solapur,FB,Azimuddin Mohd,End Lead,NO,NO
Sanika Koli,8881382221,Nanded,FB,Tamanna Sahu,Hot lead,YES,Coverted
Harish Mhatre,8881382232,Barabanki,FB,Rohit Sonar,End Lead,NO,NO
Mnav Patil,8881382291,Nanded,FB,Ronak Jadhav,Active lead,NO,NO
Karan Sutar,8881382192,khairthal,FB,Deepali Kasatwar,End Lead,NO,NO
Sahil dio,8881382192,Miryalaguda,FB,Roshan Patil,End Lead,NO,NO
vaibhav jdhav,8891382199,Lakhimpur,FB,Kiran Dhakal,End Lead,NO,NO
swapnil kadam,8891382182,Vemulawada,FB,Pooja Melwani,End Lead,NO,NO
sanil mhatre,8891382234,Kolkata,FB,Manisha Parte,End Lead,NO,NO
krishna tevar,8891382212,Surat,Investment Leads,Anchal Mishra,Active lead,NO,NO
abhijeet korde,8891382279,Kolkata,Investment Leads,Nilesh Shinde,Active lead,NO,NO
pranay shinde,8891382294,Solapur,FB,Deepali Yadav,Hot lead,YES,Coverted
murtuza mastan,8891382229,Surat,Investment Leads,Ritik Yadav,Hot lead,NO,YES
rupesh jadhav,8891382222,Solapur,Investment Leads,Abhijeet Bramhane,End Lead,NO,NO
koli sunny,8891382272,Surat,Investment Leads,Akash Sharma,Active lead,NO,NO
Mahesh Jadhav,8891382247,Nagpur,Investment Leads,Suryakant Choudhary,End Lead,NO,NO
Yash otekar,8891382292,Nagpur,Investment Leads,Sushant Nikam,End Lead,NO,NO
pratikkk patil,8891382222,Solapur,Investment Leads,Azimuddin Mohd,End Lead,NO,NO
pranit waskar,8891382299,Mumbai,Calling,Tamanna Sahu,Active lead,NO,NO
adesh patil,8891382172,Solapur,Calling,Rohit Sonar,Active lead,NO,NO
rohan shinde,8891382214,Surat,Calling,Sushant Nikam,Hot lead,NO,NO
suresh ,8891382222,tamilnadu,Calling,Azimuddin Mohd,Hot lead,YES,Coverted
vicky dio,8891382227,surat,whatsapp,Tamanna Sahu,Active lead,NO,NO
aman ratghore,8891382178,Punjab,whatsapp,Rohit Sonar,End Lead,NO,NO
anirudhha,8891382233,patna,Google Ad,Ronak Jadhav,Hot lead,YES,Coverted
kanhinya,8891382189,Mumbai,Investment Leads,Deepali Kasatwar,Active lead,NO,NO
sanvesh patil,8791382243,Surat,Investment Leads,Roshan Patil,Hot lead,YES,Coverted
jayant mhatre,8791382237,Solapur,Investment Leads,Kiran Dhakal,Active lead,NO,NO
merlin,8791382782,Mumbai,Investment Leads,Pooja Melwani,Hot lead,NO,NO
sumit mhatre,8791382192,Nagpur,whatsapp,Manisha Parte,Hot lead,YES,Coverted
girish mhatre,8791382311,Mumbai,whatsapp,Anchal Mishra,Hot lead,NO,NO
shumbham pal,8791382298,Pune,whatsapp,Nilesh Shinde,Hot lead,NO,YES
bhavin bhoir,8791382222,tamilnadu,whatsapp,Deepali Yadav,End Lead,NO,NO
abhishek tandel,8791382221,Mumbai,whatsapp,Ritik Yadav,Active lead,NO,NO
jeevan gavand,8791382179,ballia,whatsapp,Abhijeet Bramhane,Active lead,NO,NO
amit mhatre,8791382194,Ballia,Google Ad,Akash Sharma,Active lead,NO,NO
mhatre harry,8791382227,jaitu punjab,Google Ad,Suryakant Choudhary,Active lead,NO,NO
vikrant,8791382212,Kolar Gold Fields (KGF),Google Ad,Sushant Nikam,End Lead,NO,NO
khush mhatre,8791382237,Alwar City,Google Ad,Azimuddin Mohd,End Lead,NO,NO
rohan mhatre,8791382249,Dehradun,Google Ad,Tamanna Sahu,Hot lead,YES,Coverted
afiya ,8791382299,Singapore,Google Ad,Rohit Sonar,Active lead,NO,NO
patil swayam,8791382229,Jaipur,Google Ad,Ronak Jadhav,Active lead,NO,NO
jay koli,8791382222,Hatta,Google Ad,Deepali Kasatwar,End Lead,NO,NO
jay patil,8791382222,Mumbai,Insta,Roshan Patil,Hot lead,YES,Coverted
vaibhav navgire,8791382182,Amritsar Punjab,Insta,Kiran Dhakal,End Lead,NO,NO
ashsih ,8791382292,SAMASTIPUR,Insta,Pooja Melwani,End Lead,NO,NO
akshay chavan,8791382279,Barabanki,Insta,Manisha Parte,Active lead,NO,NO
rohit patil,8791382224,Mehsana,Insta,Anchal Mishra,Active lead,NO,NO
disha,8791382229,nagpur,Insta,Nilesh Shinde,Active lead,NO,NO
banson,8791382232,Coimbatore,FB,Deepali Yadav,Active lead,NO,NO
almas,8791382229,ratnagiri,FB,Ritik Yadav,End Lead,NO,NO
manrata,8791382222,"Wayanad, Kerala.",FB,Abhijeet Bramhane,End Lead,NO,NO
rushisesk,8791382212,Podili,FB,Akash Sharma,Active lead,NO,NO
prashant bhor,8791382223,tamilnadu,FB,Suryakant Choudhary,End Lead,NO,NO
yash ,8791382399,Gwalior,FB,Sushant Nikam,End Lead,NO,NO
yash thaur,8791382392,Dharmshala (Dharamshala),FB,Azimuddin Mohd,Active lead,NO,NO
joshi,8791382248,Mysore,FB,Tamanna Sahu,Hot lead,NO,NO
yash thakur,8791382172,Aurangabad,FB,Rohit Sonar,Active lead,NO,NO
yash josho,8791382299,Ase,Google Ad,Ronak Jadhav,Active lead,NO,NO
yash patil,8791382189,adoni,Google Ad,Deepali Kasatwar,Active lead,NO,NO
yash mhatre,8741382221,gadarwara,Google Ad,Roshan Patil,End Lead,NO,NO
yash  kadam,8741382228,Khammam,Google Ad,Kiran Dhakal,End Lead,NO,NO
yash anavkar,8741382292,Chennai,Google Ad,Pooja Melwani,Hot lead,NO,NO
yash nerulkar,8741382213,Kolkata,Insta,Manisha Parte,Active lead,NO,NO
tejas naik,8741382183,Solapur,Insta,Anchal Mishra,Hot lead,YES,Coverted
chahya,8741382274,midnapur,Insta,Nilesh Shinde,End Lead,NO,NO
vijay tambde,8741382179,Madha,Insta,Deepali Yadav,Active lead,NO,NO
nikhil naik,8741382282,Motihari,Insta,Ritik Yadav,Active lead,NO,NO
siddesh kadu,8741382219,Bangalore,Insta,Abhijeet Bramhane,End Lead,NO,NO
rushi ingle,8741382179,Kolkata,Insta,Akash Sharma,Hot lead,YES,Coverted
samarveer,8741382219,Toronto,Insta,Suryakant Choudhary,Active lead,NO,NO
shruti,8741382197,Allahabad,Insta,Sushant Nikam,End Lead,NO,NO
dilip ,8741382221,Imphal,FB,Azimuddin Mohd,End Lead,NO,NO
dilip prajapati,8741382322,Kolkatta,FB,Tamanna Sahu,Hot lead,YES,Coverted
pratik shinde,8741382222,anantnag,FB,Ronak Jadhav,Active lead,NO,NO
meeher mhatre,8741382274,Mumbai,FB,Deepali Kasatwar,Active lead,NO,NO
rahul gharat,8741382188,Vyara,FB,Roshan Patil,End Lead,NO,NO
jayesh tandel,8741382222,kallakurichi,FB,Kiran Dhakal,Active lead,NO,NO
harish wagh,8741382244,Gondal,FB,Pooja Melwani,Active lead,NO,NO
mankani ashsish,8741382311,Tirunelveli,FB,Manisha Parte,Active lead,NO,NO
vikram gadge,8741382243,Gondal,Investment Leads,Anchal Mishra,End Lead,NO,NO
sujal mhatre,8741382193,Tamilnadu,Investment Leads,Nilesh Shinde,Hot lead,NO,YES
javed hussain,8741382239,Tamilnadu,Investment Leads,Deepali Yadav,Active lead,NO,NO
dipen shah,8741382292,Lucknow,Investment Leads,Ritik Yadav,Active lead,NO,NO
nilesh shinde,8741382292,Badlapur,Investment Leads,Abhijeet Bramhane,Active lead,NO,NO
sanky rathore,8741382229,Lucknow,Investment Leads,Akash Sharma,Hot lead,NO,NO
sanket mhatre,9741382229,Bihar,Investment Leads,Suryakant Choudhary,End Lead,NO,NO
harsh bhopi,9741382272,Bihar,Investment Leads,Sushant Nikam,End Lead,NO,NO
utkarsh tiwari,9741382228,Badlapur,Investment Leads,Azimuddin Mohd,Active lead,NO,NO
saurav sawant,9741382222,Mumbai,whatsapp,Tamanna Sahu,Active lead,NO,NO
gurmit singh,9741382173,Aurangabad,whatsapp,Ronak Jadhav,Hot lead,YES,Coverted
sbhubham sonya,9741382273,Surat,Google Ad,Deepali Kasatwar,Hot lead,NO,NO
om bhot,9741382229,Kalyan,Google Ad,Roshan Patil,Active lead,NO,NO
jaydeep namdass,9741382299,Kashmir,Google Ad,Kiran Dhakal,Active lead,NO,NO
tejas kadam,9741382278,Kerla,Google Ad,Pooja Melwani,End Lead,NO,NO
babu patil,9741382197,Hydrabad,Google Ad,Manisha Parte,Hot lead,YES,Coverted
vinay thakur,9741382224,Kolkata,Google Ad,Anchal Mishra,Active lead,NO,NO
shubash gurung,9741382214,Lucknow,Google Ad,Nilesh Shinde,Active lead,NO,NO
aniket shetty,9741382233,Navi Mumbai,Google Ad,Deepali Yadav,Hot lead,NO,NO
ashsish yadhav,9741382282,Hydrabad,Google Ad,Ritik Yadav,End Lead,NO,NO
sufiyan memon,9741382222,Mumbai,Insta,Abhijeet Bramhane,Active lead,NO,NO
sarvesh naik,9741382227,Navi Mumbai,Insta,Akash Sharma,Hot lead,NO,YES
vikrant bhoir,9741382278,Lucknow,Insta,Suryakant Choudhary,Active lead,NO,NO
jagdish ,9741382182,Lucknow,Insta,Sushant Nikam,Hot lead,NO,NO
pereeti,9741382219,Kerla,Insta,Azimuddin Mohd,Active lead,NO,NO
bhavesh patil,9741382172,Surat,Insta,Tamanna Sahu,Hot lead,NO,NO
pratiksha,9741382241,Tamilnadu,Insta,Ronak Jadhav,Hot lead,NO,NO
kaif khan,9741382237,Kerla,Insta,Deepali Kasatwar,Active lead,NO,NO
priyank palsekkar,9741382288,Kashmir,FB,Roshan Patil,End Lead,NO,NO
alister wilson,8749382299,Solapur,FB,Kiran Dhakal,Active lead,NO,NO
arpit mhatre,8749382183,Sawantwadi,FB,Pooja Melwani,Hot lead,YES,Coverted
pritesh koli,8749382223,Madhya Pradesh,FB,Manisha Parte,End Lead,NO,NO
bhuvnesh rane,8749382244,Sawantwadi,FB,Anchal Mishra,Active lead,NO,NO
shubham patil,8749382232,Kolkata,FB,Nilesh Shinde,End Lead,NO,NO
rushi mhatre,8749382219,Hydrabad,Investment Leads,Deepali Yadav,End Lead,NO,NO
saunak,8749382213,Lucknow,Investment Leads,Ritik Yadav,End Lead,NO,NO
tanish patil,8749382244,Navi Mumbai,Investment Leads,Abhijeet Bramhane,Hot lead,YES,Coverted
sayyed,8749382222,Madhya Pradesh,Investment Leads,Akash Sharma,Active lead,NO,NO
rishi naik,8749382393,Hydrabad,Investment Leads,Suryakant Choudhary,End Lead,NO,NO
jaggi,8749382242,Navi Mumbai,Insta,Sushant Nikam,Hot lead,YES,Coverted
bhiopi kalpesh,8749382129,Tamilnadu,Investment Leads,Azimuddin Mohd,End Lead,NO,NO
akash bhoir,8749382279,Kashmir,Investment Leads,Tamanna Sahu,End Lead,NO,NO
chanchala,8749382222,Navi Mumbai,whatsapp,Ronak Jadhav,Active lead,NO,NO
piyush bandre,8749382242,Navi Mumbai,whatsapp,Deepali Kasatwar,Active lead,NO,NO
shubham bhoir,8749382187,Navi Mumbai,whatsapp,Roshan Patil,Hot lead,NO,YES
chhaya bahndre,8749382222,Vadodara,Google Ad,Ronak Jadhav,End Lead,NO,NO
smit patil,8749382282,Srinagar,Google Ad,Deepali Kasatwar,End Lead,NO,NO
gaurav malve,8749382249,Hyderabad,Google Ad,Roshan Patil,End Lead,NO,NO
rvind,8749382124,nipani,Google Ad,Kiran Dhakal,Active lead,NO,NO
vaibhav patil,8749382222,Sheopur,Google Ad,Pooja Melwani,End Lead,NO,NO
vivek tawre,8749382279,Gorakhpur,Google Ad,Manisha Parte,End Lead,NO,NO
dilip sutar,8749382293,Orai,Google Ad,Anchal Mishra,Active lead,NO,NO
yadhav om,8749382229,VIJAYAWADA,Google Ad,Nilesh Shinde,End Lead,NO,NO
sagar mhatre,8749382219,Nagpur,FB,Deepali Yadav,Hot lead,NO,NO
Stella Morgan,8749382219,Bharatpur,FB,Ritik Yadav,Hot lead,NO,NO
John Morris,8749382239,Chennai,FB,Abhijeet Bramhane,Active lead,NO,NO
Aurora Murphy,8749382329,Bhadrak,FB,Akash Sharma,Active lead,NO,NO
Christian Nelson,8749382229,Dubai,FB,Suryakant Choudhary,End Lead,NO,NO
Hannah Parker,8749382312,Patna,Insta,Sushant Nikam,Hot lead,YES,Coverted
David Perez,8749382214,Madhya Pradesh,FB,Azimuddin Mohd,Active lead,NO,NO
Maya Phillips,8222242222,Ramnagar,FB,Tamanna Sahu,End Lead,NO,NO
Jack Powell,8749382299,Aurangabad,FB,Rohit Sonar,Hot lead,YES,Coverted
Addison Reed,8749382192,aizawl,FB,Ronak Jadhav,Hot lead,NO,NO
Ryan Rivera,8749382222,Shrigonda,Insta,Deepali Kasatwar,End Lead,NO,NO
Avery Roberts,8749382224,Parbhani,Insta,Roshan Patil,Active lead,NO,NO
Joseph Robinson,8749382122,Srinagar,Insta,Kiran Dhakal,End Lead,NO,NO
Madison Rogers,8749382129,mumbai,Insta,Pooja Melwani,Active lead,NO,NO
Samuel Ross,8749382244,Lakhimpur,Insta,Manisha Parte,Active lead,NO,NO
Sofia Russell,8749382174,Rewari,Insta,Anchal Mishra,End Lead,NO,NO
Joseph Sanchez,8749382242,Kota,Insta,Nilesh Shinde,Hot lead,NO,NO
Emilia Scott,8749382391,Nagpur,Investment Leads,Deepali Yadav,Hot lead,NO,NO
William Simmons,8749382222,Kolkata,Investment Leads,Ritik Yadav,End Lead,NO,NO
Lillian Stewart,8749382127,Surat,Investment Leads,Abhijeet Bramhane,Hot lead,NO,NO
Owen Taylor,8749382292,Nagpur,Investment Leads,Akash Sharma,End Lead,NO,NO
Victoria Thomas,8749382219,Palghar,Investment Leads,Suryakant Choudhary,Hot lead,NO,NO
Caleb Thompson,8749382197,lucknow,Investment Leads,Sushant Nikam,End Lead,NO,NO
Julia Torres,8749382232,Madhya Pradesh,Investment Leads,Azimuddin Mohd,End Lead,NO,NO
Matthew Turner,8749382229,Navi Mumbai,whatsapp,Tamanna Sahu,Active lead,NO,NO
Camila Ward,8749382222,Solapur,whatsapp,Rohit Sonar,Active lead,NO,NO
Daniel White,8749382299,Nagpur,whatsapp,Manisha Parte,End Lead,NO,NO
Brooklyn Williams,9749382398,Kerla,Calling,Anchal Mishra,End Lead,NO,NO
Gabriel Wilson,9749382242,Mumbai,Calling,Nilesh Shinde,Active lead,NO,NO
Grace Wood,9749382322,Mumbai,Calling,Deepali Yadav,Active lead,NO,NO
Andrew Wright,9749382229,Salem,Google Ad,Ronak Jadhav,End Lead,NO,NO
Harper Young,9749382232,Rourkera,Google Ad,Deepali Kasatwar,Active lead,NO,NO
Nicholas Allen,9749382214,Hardoi,Google Ad,Roshan Patil,End Lead,NO,NO
Eleanor Anderson,9749382399,chapra,Google Ad,Kiran Dhakal,End Lead,NO,NO
Charles Bailey,9749382222,Rayagada,Google Ad,Pooja Melwani,End Lead,NO,NO
Hazel Baker,9749382212,Sivasagar,Google Ad,Manisha Parte,End Lead,NO,NO
Christopher Barnes,9749382222,PUNE,Google Ad,Anchal Mishra,Hot lead,NO,NO
Emily Bennett,9749382227,Indore,Google Ad,Nilesh Shinde,Active lead,NO,NO
Samuel Brooks,9749382212,Lucknow,whatsapp,Deepali Yadav,Active lead,NO,NO
Penelope Brown,9749382224,Mangoav,whatsapp,Ritik Yadav,End Lead,NO,NO
Logan Butler,9749382212,Madhya Pradesh,whatsapp,Abhijeet Bramhane,End Lead,NO,NO
Scarlett Campbell,9749382212,Navi Mumbai,whatsapp,Akash Sharma,Active lead,NO,NO
Zachary Carter,9749382242,Navi Mumbai,whatsapp,Suryakant Choudhary,End Lead,NO,NO
Hannah Clark,9749382223,Kolkatta,Google Ad,Sushant Nikam,Hot lead,NO,YES
William Collins,9749382241,Solapur,Google Ad,Azimuddin Mohd,End Lead,NO,NO
Victoria Cook,9749382232,Surat,Google Ad,Tamanna Sahu,Hot lead,NO,NO
Daniel Cox,9749382278,Kashmir,Google Ad,Rohit Sonar,End Lead,NO,NO
Elizabeth Davis,9749382424,Bhind Madhya Pradesh,FB,Ronak Jadhav,Active lead,NO,NO
James Diaz,9749382222,Bahraich,FB,Deepali Kasatwar,End Lead,NO,NO
Mia Edwards,9749382398,Hyderabad,FB,Roshan Patil,End Lead,NO,NO
Oliver Evans,9749382248,Ranchi,FB,Kiran Dhakal,Hot lead,NO,NO
Ava Foster,9749382212,Indore,FB,Pooja Melwani,Hot lead,YES,Coverted
Benjamin Garcia,9749382249,Pune,FB,Manisha Parte,Hot lead,NO,NO
Charlotte Gray,9749382171,Pune,FB,Anchal Mishra,Hot lead,YES,Coverted
Elijah Griffin,9749382189,Belgaum,Insta,Nilesh Shinde,End Lead,NO,NO
Grace Hall,9748382249,Imphal,Insta,Deepali Yadav,End Lead,NO,NO
Henry Harris,9748382239,Chandannagar,Insta,Ritik Yadav,Active lead,NO,NO
Abigail Hill,9748382182,Ranebennur,Insta,Abhijeet Bramhane,End Lead,NO,NO
Joseph Hughes,9748382227,Raiganj,Insta,Akash Sharma,Active lead,NO,NO
Ella Jackson,9748382273,Phulbani,Insta,Suryakant Choudhary,Active lead,NO,NO
Ethan Jenkins,9748382212,Navi Mumbai,Insta,Sushant Nikam,Hot lead,YES,Coverted
Lily Johnson,9748382249,Mumbai,Insta,Azimuddin Mohd,Active lead,NO,NO
Alexander Jones,9748382182,Surat,PZ VIP,Tamanna Sahu,End Lead,NO,NO
Harper Kelly,9748382172,Hydrabad,Investment Leads,Rohit Sonar,End Lead,NO,NO
Samuel King,9748382239,Madhya Pradesh,Investment Leads,Ronak Jadhav,Active lead,NO,NO
Aurora Lee,9748382282,mumbai,Investment Leads,Deepali Kasatwar,Active lead,NO,NO
Michael Lewis,9748382123,Surat,Investment Leads,Roshan Patil,End Lead,NO,NO
Audrey Long,9748382224,Nagpur,Investment Leads,Kiran Dhakal,End Lead,NO,NO
Noah Martin,9748382191,Solapur,Investment Leads,Pooja Melwani,Hot lead,NO,NO
Maya Martinez,9748382223,kolkatta,Investment Leads,Manisha Parte,Active lead,NO,NO
David Miller,9748382237,Kashmir,Investment Leads,Anchal Mishra,End Lead,NO,NO
Chloe Mitchell,9748382172,Nagpur,Investment Leads,Nilesh Shinde,End Lead,NO,NO
Oliver Moore,9748382192,Raniganj,PZ VIP,Deepali Yadav,End Lead,NO,NO
Emma Murphy,9748382129,Kanpur Nagar,PZ VIP,Ritik Yadav,End Lead,NO,NO
William Nelson,9748382189,Belonia,Google Ad,Abhijeet Bramhane,End Lead,NO,NO
Sofia Olson,9748382242,Asansol,Google Ad,Akash Sharma,End Lead,NO,NO
James Patel,9748382173,Bachhraon,Google Ad,Suryakant Choudhary,Active lead,NO,NO
Scarlett Perez,9748382227,Bhadrak,Google Ad,Sushant Nikam,End Lead,NO,NO
Liam Phillips,9748382193,Bemetara,Google Ad,Azimuddin Mohd,Active lead,NO,NO
Aria Powell,9748382243,Mathura,Google Ad,Tamanna Sahu,Active lead,NO,NO
Daniel Reed,9748382239,Dharapuram,Google Ad,Rohit Sonar,End Lead,NO,NO
Amelia Roberts,9748382273,Indore,Google Ad,Ronak Jadhav,Active lead,NO,NO
Christopher Robinson,7748382229,mumbai,Calling,Deepali Kasatwar,Active lead,NO,NO
Ava Rodriguez,7748382393,Agra,Calling,Roshan Patil,End Lead,NO,NO
Gabriel Ross,7748382319,Agra,Calling,Kiran Dhakal,Hot lead,YES,Coverted
Mia Russell,7748382232,Pune,FB,Pooja Melwani,Hot lead,YES,Coverted
Alexander Sanchez,7748382124,cuttack,FB,Manisha Parte,End Lead,NO,NO
Emily Scott,7748382242,Lucknow,FB,Anchal Mishra,Active lead,NO,NO
William Simmons,7748382132,Chennai,FB,Nilesh Shinde,Active lead,NO,NO
Madison Smith,7748382222,ALIPURDUAR,FB,Deepali Yadav,Active lead,NO,NO
Ethan Stewart,7748382291,Dharwad,FB,Ritik Yadav,End Lead,NO,NO
Victoria Taylor,7748382273,Kolkata,FB,Abhijeet Bramhane,End Lead,NO,NO
Benjamin Thomas,7748382238,jahazpur,FB,Akash Sharma,Active lead,NO,NO
Elizabeth Thompson,7748382297,Amritsar,FB,Suryakant Choudhary,End Lead,NO,NO
Elijah Turner,7748382219,Puri,Insta,Sushant Nikam,End Lead,NO,NO
Layla Turner,7748382242,Chennai,Insta,Azimuddin Mohd,End Lead,NO,NO
Jacob Walker,7748382197,Muzaffarpur,Insta,Tamanna Sahu,Active lead,NO,NO
Harper Ward,7748382229,Kanker,Insta,Rohit Sonar,End Lead,NO,NO
Samuel White,7748382223,English Bazar,Insta,Ronak Jadhav,Active lead,NO,NO
Penelope Williams,7748382189,palakkad,Insta,Deepali Kasatwar,End Lead,NO,NO
Owen,7748382722,Pune,Insta,Roshan Patil,Hot lead,NO,YES
Liam Anderson,7748382342,Kachrapara,Insta,Kiran Dhakal,Active lead,NO,NO
Olivia Baker,7748382189,Surat,Google Ad,Pooja Melwani,Hot lead,NO,NO
Ethan Campbell,7748382228,Navi Mumbai,Google Ad,Manisha Parte,Active lead,NO,NO
Sophia Davis,7748382287,Solapur,Google Ad,Anchal Mishra,Hot lead,NO,NO
Benjamin Edwards,7748382182,Hydrabad,Google Ad,Nilesh Shinde,End Lead,NO,NO
Ava Foster,7748382224,Hydrabad,Investment Leads,Deepali Yadav,End Lead,NO,NO
Noah Garcia,7248382238,nagpur,Investment Leads,Ritik Yadav,Hot lead,NO,NO
Mia Hernandez,7248382222,Mumbai,Investment Leads,Abhijeet Bramhane,Hot lead,NO,YES
William Jackson,7248382212,Mumbai,Investment Leads,Akash Sharma,Active lead,NO,NO
Isabella King,7248382399,nashik,Investment Leads,Suryakant Choudhary,End Lead,NO,NO
James Lee,7248382122,hydrabad,Investment Leads,Sushant Nikam,End Lead,NO,NO
Charlotte Martin,7248382322,Hydrabad,Investment Leads,Azimuddin Mohd,End Lead,NO,NO
Oliver Nelson,7248382249,hydrabad,Investment Leads,Tamanna Sahu,Active lead,NO,NO
Amelia Olson,7248382284,solapur,Investment Leads,Rohit Sonar,Hot lead,NO,NO
Henry Patel,7248382219,New Delhi,Insta,Ronak Jadhav,Active lead,NO,NO
Harper Quinn,7248382217,Chennai,Insta,Deepali Kasatwar,Active lead,NO,NO
Samuel Ramirez,7248382172,Kurukshetra,Insta,Roshan Patil,End Lead,NO,NO
Abigail Smith,7248382293,Tiruchirappalli,Insta,Kiran Dhakal,End Lead,NO,NO
Alexander Taylor,7248382222,Haldia,Insta,Pooja Melwani,End Lead,NO,NO
Emily Turner,7248382219,Parli Vaijnath,Insta,Manisha Parte,End Lead,NO,NO
Daniel Walker,7248382242,Gandhinagar,Insta,Anchal Mishra,End Lead,NO,NO
Elizabeth Young,7248382312,Nashik,Insta,Nilesh Shinde,End Lead,NO,NO
Michael Adams,7248382273,Navi Mumbai,whatsapp,Deepali Yadav,Hot lead,NO,YES
Grace Bennett,7248382224,Navi Mumbai,whatsapp,Ritik Yadav,Active lead,NO,NO
Matthew Carter,7248382273,Mumbai,whatsapp,Abhijeet Bramhane,Active lead,NO,NO
Chloe Clark,7248382213,Tamilnadu,Calling,Akash Sharma,End Lead,NO,NO
David Collins,7248382224,Nagpur,Calling,Suryakant Choudhary,Hot lead,YES,Coverted
Ella Cook,7248382222,MIRZAPUR (UP),PZ VIP,Sushant Nikam,End Lead,NO,NO
Joseph Cooper,7248382212,PRODDATUR,PZ VIP,Azimuddin Mohd,End Lead,NO,NO
Victoria Cox,7248382392,Kolkatta,Investment Leads,Tamanna Sahu,End Lead,NO,NO
Samuel Cruz,7248382182,Mumbai,Investment Leads,Rohit Sonar,Hot lead,NO,YES
Evelyn Diaz,7248382129,Mumbai,Investment Leads,Ronak Jadhav,Active lead,NO,NO
Alexander Evans,7248382284,Nagpur,Investment Leads,Deepali Kasatwar,Active lead,NO,NO
Natalie Flores,7248382322,nashik,Investment Leads,Roshan Patil,End Lead,NO,NO
Christopher Gonzalez,7248382298,Solapur,Investment Leads,Kiran Dhakal,Active lead,NO,NO
Penelope Gray,7248282229,Kerla,Investment Leads,Pooja Melwani,End Lead,NO,NO
Jonathan Griffin,7248282124,Bangalore,FB,Manisha Parte,End Lead,NO,NO
Scarlett Hall,7248282279,Murshidabad,FB,Anchal Mishra,End Lead,NO,NO
Gabriel Hill,7248282182,Basar,FB,Nilesh Shinde,End Lead,NO,NO
Zoey Hughes,7248282228,Bari Sadri,FB,Deepali Yadav,End Lead,NO,NO
Isaac Jenkins,7248282228,Sathyamangalam,FB,Ritik Yadav,End Lead,NO,NO
Lily Johnson,7248282122,Patiala,FB,Abhijeet Bramhane,End Lead,NO,NO
Joshua Kelly,7248282279,Purnea and Madhepura,FB,Akash Sharma,End Lead,NO,NO
Audrey King,7248282323,Gurugram,FB,Suryakant Choudhary,End Lead,NO,NO
Andrew Lewis,7248282242,Dewas,FB,Sushant Nikam,End Lead,NO,NO
Layla Long,7248282293,Aizawl,Google Ad,Azimuddin Mohd,End Lead,NO,NO
Daniel Martinez,7248282228,Kolkata,Google Ad,Tamanna Sahu,Active lead,NO,NO
Aria Mitchell,7248282319,Biswanath Chariali,Google Ad,Rohit Sonar,End Lead,NO,NO
Anthony Moore,7248282242,Akaltara,Google Ad,Anchal Mishra,Active lead,NO,NO
Aarav Sharma,7248282292,Firozabad,Google Ad,Nilesh Shinde,End Lead,NO,NO
Riya Patel,7248282173,Pilibhit,Google Ad,Deepali Yadav,Active lead,NO,NO
Advait Singh,7248282283,Hooghly,Google Ad,Ritik Yadav,Active lead,NO,NO
Ishita Verma,7248282319,Ambala Cantt,Google Ad,Abhijeet Bramhane,Active lead,NO,NO
Arjun Gupta,7248282239,Nagpur,Google Ad,Akash Sharma,End Lead,NO,NO
Saanvi Joshi,7248282229,Mysore,FB,Senthil Nadar,Active lead,NO,NO
Aryan Kumar,7248282282,Lucknow,FB,Ronak Jadhav,Active lead,NO,NO
Aanya Shah,7248282188,muvatupuzha,FB,Deepali Kasatwar,End Lead,NO,NO
Reyansh Patel,7248282394,Visakhapatnam,FB,Roshan Patil,End Lead,NO,NO
Zara Kapoor,8248282228,Akola,FB,Kiran Dhakal,End Lead,NO,NO
Atharv Singhania,8248282221,Coimbatore,FB,Pooja Melwani,End Lead,NO,NO
Myra Reddy,8248282229,Nashik,FB,Manisha Parte,End Lead,NO,NO
Vivaan Patel,8248282288,Jagtial,Google Ad,Anchal Mishra,End Lead,NO,NO
Anaya Iyer,8248282229,Andhrapradesh,Google Ad,Nilesh Shinde,Active lead,NO,NO
Vihaan Choudhury,8248282194,Imphal,Google Ad,Deepali Yadav,End Lead,NO,NO
Aadhya Sengupta,8248282228,Kashipur,Google Ad,Ritik Yadav,Active lead,NO,NO
Shaurya Mishra,8248282272,Mysore,Google Ad,Abhijeet Bramhane,Active lead,NO,NO
Diya Desai,8248282242,Lucknow,Investment Leads,Akash Sharma,End Lead,NO,NO
Krish Saxena,8248282219,Tamilnadu,Investment Leads,Suryakant Choudhary,Active lead,NO,NO
Navya Agarwal,8248282229,Madhya Pradesh,Investment Leads,Sushant Nikam,End Lead,NO,NO
Ishaan Srinivasan,8248282279,mumbai,Investment Leads,Azimuddin Mohd,Active lead,NO,NO
Anika Khanna,8248282349,Kerla,Investment Leads,Tamanna Sahu,End Lead,NO,NO
Vihaan Dave,8248282223,Lucknow,Investment Leads,Rohit Sonar,End Lead,NO,NO
Aanya Menon,8248282197,Lucknow,whatsapp,Ronak Jadhav,End Lead,NO,NO
Dhruv Sharma,8248282249,Aurangabad,whatsapp,Deepali Kasatwar,Hot lead,NO,YES
Avani Gupta,8248282249,Rajeshthan,whatsapp,Roshan Patil,Active lead,NO,NO
Arnav Banerjee,8248282229,Navi Mumbai,whatsapp,Kiran Dhakal,Active lead,NO,NO
Siya Rao,8248282299,lucknow,PZ VIP,Pooja Melwani,Active lead,NO,NO
Aarush Bhatia,8248282328,Avinashi 641654,PZ VIP,Manisha Parte,End Lead,NO,NO
Ishani Nair,8248282222,Aurangabad,Insta,Anchal Mishra,End Lead,NO,NO
Advaitan Das,8248282242,covai,Insta,Nilesh Shinde,End Lead,NO,NO
Ananya Iyer,8248282242,Gorakhpur,Insta,Deepali Yadav,End Lead,NO,NO
Pranav Mehra,8248282289,Kollam,Insta,Ritik Yadav,End Lead,NO,NO
Kiara Choudhary,8248282182,Chennai,Insta,Abhijeet Bramhane,End Lead,NO,NO
Vivaan Pillai,8248282197,coimbatore,Insta,Akash Sharma,End Lead,NO,NO
Anvi Venkatesh,8248282311,ara,Insta,Suryakant Choudhary,End Lead,NO,NO
Aaryan Mathur,8248282328,Salem,Insta,Sushant Nikam,End Lead,NO,NO
Riyaan Nair,8248282229,Tiruchirappalli,Insta,Azimuddin Mohd,End Lead,NO,NO
Nandini Krishnan,8248282218,Siliguri,Insta,Tamanna Sahu,End Lead,NO,NO
Samaira Singh,8248282241,Pune,Investment Leads,Ronak Jadhav,Hot lead,YES,Coverted
Shaurya Murthy,8248282219,bijapur near,Google Ad,Deepali Kasatwar,End Lead,NO,NO
Riya Chatterjee,8248282222,Noida,Google Ad,Azimuddin Mohd,Active lead,NO,NO
Aditya Menon,8248282312,Kaithal,Google Ad,Roshan Patil,End Lead,NO,NO
Aaradhya Deshpande,8248282299,Shimla,Google Ad,Pooja Melwani,End Lead,NO,NO
Ishika Saxena,8248282237,Jaipur,Insta,Anchal Mishra,End Lead,NO,NO
Arjun Mehra,8248282297,patna,Insta,Nilesh Shinde,End Lead,NO,NO
Anaya Iyengar,8248282242,Mandla,Insta,Ronak Jadhav,End Lead,NO,NO
Aryan Dubey,8248282238,Guntur,Insta,Deepali Kasatwar,End Lead,NO,NO
Myra Iyer,8248282229,Rayagada,Insta,Abhijeet Bramhane,End Lead,NO,NO
Devansh Shah,8248282229,Jammu,Insta,Deepali Kasatwar,End Lead,NO,NO
Aishani Gupta,8248282238,Vrindaban,Insta,Sushant Nikam,End Lead,NO,NO
Reyansh Joshi,8248282272,vellore,Insta,Tamanna Sahu,End Lead,NO,NO
Zara Rao,8248282339,Srinagar,Insta,Roshan Patil,End Lead,NO,NO
Atharv Srinivasan,8247282231,Jaipur,Insta,Sushant Nikam,End Lead,NO,NO
Saisha Kapoor,8247282187,Berhampur,Insta,Tamanna Sahu,End Lead,NO,NO
Vihaan Chawla,8243282998,Chitradurga,FB,Deepali Kasatwar,End Lead,NO,NO
Navya Prasad,7243282192,Bareilly,FB,Tamanna Sahu,End Lead,NO,NO
Rudra Raghavan,8248282222,Pune,FB,Sushant Nikam,End Lead,NO,NO
Sia Reddy,7243282177,Bolangir,FB,Azimuddin Mohd,End Lead,NO,NO
Anaya Rao,7243282292,Baner,FB,Azimuddin Mohd,End Lead,NO,NO
Ayush Sinha,7243282231,Akola maharashtra,FB,Azimuddin Mohd,End Lead,NO,NO
Myra Menon,7243282219,Ramganjmandi,FB,Azimuddin Mohd,End Lead,NO,NO
Kian Kapoor,7243282239,Bhagalpur,FB,Sushant Nikam,End Lead,NO,NO
Aahana Sharma,8243282283,kandhar,FB,Pooja Melwani,End Lead,NO,NO
Anshuman Agarwal,7243282293,Bangalore,FB,Pooja Melwani,End Lead,NO,NO
Aanya Iyengar,8243282299,KOLHAPUR,PZ VIP,Anchal Mishra,Active lead,NO,NO
Vihaan Choudhury,8243282244,Chalisgaon,PZ VIP,Anchal Mishra,Active lead,NO,NO
Reyansh Verma,8243282212,Tamilnadu,whatsapp,Abhijeet Bramhane,Active lead,NO,NO
Anika Gupta,8243282218,Navi Mumbai,whatsapp,Abhijeet Bramhane,Active lead,NO,NO
Advaitan Joshi,8243282182,Mumbai,whatsapp,Nilesh Shinde,Active lead,NO,NO
Saanvi Reddy,8243282282,Mumbai,whatsapp,Nilesh Shinde,End Lead,NO,NO
Dhruv Chawla,8243282198,Lucknow,Investment Leads,Abhijeet Bramhane,Active lead,NO,NO
Aradhya Singh,8243282248,Mumbai,Investment Leads,Nilesh Shinde,Active lead,NO,NO
Samaira Krishnan,8243282299,Mumbai,Investment Leads,Deepali Kasatwar,Active lead,NO,NO
Shaurya Patel,8243282239,Tamilnadu,Investment Leads,Sushant Nikam,Active lead,NO,NO
Aarav Iyer,8243282242,Navi Mumbai,Investment Leads,Ronak Jadhav,Active lead,NO,NO
Aishani Nair,8243282299,Nagpur,Investment Leads,Ronak Jadhav,End Lead,NO,NO
Aryan Khanna,8243282291,Nashik,Investment Leads,Tamanna Sahu,End Lead,NO,NO
Ishani Sharma,8243282299,Mumbai,Investment Leads,Senthil Nadar,End Lead,NO,NO
Arjun Dubey,8243282282,Surat,Investment Leads,Ronak Jadhav,End Lead,NO,NO
Kiara Chatterjee,8243282293,Surat,Investment Leads,Deepali Kasatwar,Active lead,NO,NO
Pranav Menon,8243282229,Tamilnadu,Investment Leads,Roshan Patil,Active lead,NO,NO
Siya Rao,8243282299,Patna,whatsapp,Kiran Dhakal,Hot lead,YES,Coverted
Aarush Murthy,8243282228,Agra,Investment Leads,Pooja Melwani,End Lead,NO,NO
Isha Raghavan,8243282242,Nagpur,whatsapp,Manisha Parte,Hot lead,YES,Coverted
Advaitan Nair,8243282174,bhubaneswar,Investment Leads,Anchal Mishra,End Lead,NO,NO
Ananya Mehra,8243282229,chakur,Investment Leads,Nilesh Shinde,End Lead,NO,NO
Devansh Shah,8243282192,belgaum,Insta,Deepali Yadav,Hot lead,YES,Coverted
Reyansh Iyengar,8243282232,mysore,Investment Leads,Ritik Yadav,End Lead,NO,NO
Myra Gupta,8243272223,Rourkela,Investment Leads,Abhijeet Bramhane,End Lead,NO,NO
Rudra Bhatia,8243272398,kendrapara,Investment Leads,Akash Sharma,End Lead,NO,NO
Anika Nair,8243272127,baragur,Investment Leads,Suryakant Choudhary,End Lead,NO,NO
Dhruv Choudhury,8243272182,Konarka,Investment Leads,Sushant Nikam,End Lead,NO,NO
Aahana Kapoor,8243272249,Bangalore,Investment Leads,Azimuddin Mohd,Active lead,NO,NO
Kian Singhania,8243272242,"pathri, parbhani",Investment Leads,Tamanna Sahu,End Lead,NO,NO
Anshuman Iyer,8243272319,bhubaneswar,Insta,Rohit Sonar,End Lead,NO,NO
Aanya Desai,8243272399,chakur,Insta,Senthil Nadar,End Lead,NO,NO
Vihaan Verma,8243272222,belgaum,Insta,Ronak Jadhav,Active lead,NO,NO
Ayush Sengupta,8243272279,mysore,Insta,Deepali Kasatwar,Active lead,NO,NO
Saisha Patel,8243272292,Rourkela,Insta,Roshan Patil,End Lead,NO,NO
Shaurya,8243272122,kendrapara,Insta,Kiran Dhakal,End Lead,NO,NO
Thompson,8243272297,baragur,Insta,Pooja Melwani,End Lead,NO,NO
clark,8243272272,Konarka,Insta,Manisha Parte,End Lead,NO,NO
james,8243272222,Bangalore,Insta,Anchal Mishra,Active lead,NO,NO
Smith,8243272212,"pathri, parbhani",Insta,Nilesh Shinde,End Lead,NO,NO
benjamin,8243272277,Falta,Insta,Deepali Yadav,End Lead,NO,NO
parker,8243272179,Puttur,Insta,Ritik Yadav,End Lead,NO,NO
logan,8243272222,Boradi,Google Ad,Abhijeet Bramhane,End Lead,NO,NO
morris,8243272242,Athani,Google Ad,Akash Sharma,End Lead,NO,NO
lucas,8243272249,Jalgaon,Google Ad,Suryakant Choudhary,End Lead,NO,NO
wood,8243272184,Ajmer,Google Ad,Sushant Nikam,End Lead,NO,NO
huges,8243272218,Hassan,Google Ad,Azimuddin Mohd,End Lead,NO,NO
sopia,8243272229,Vijayapur,Google Ad,Tamanna Sahu,End Lead,NO,NO
Jack,9243272174,barbigha sheakpura (vil maldah),Google Ad,Rohit Sonar,End Lead,NO,NO
emily,9243272282,Manawar,Google Ad,Senthil Nadar,End Lead,NO,NO
aiden miller,9243272212,BICHHIYA,Google Ad,Ronak Jadhav,End Lead,NO,NO
johmston,9243272172,Mogri,Google Ad,Deepali Kasatwar,End Lead,NO,NO
murphy,9243272323,bhubaneswar,Google Ad,Roshan Patil,End Lead,NO,NO
olivia m,9243272292,bhopal,FB,Kiran Dhakal,Active lead,NO,NO
samuel,9243272242,Bhubaneswar,FB,Pooja Melwani,Active lead,NO,NO
elizabeth,9243272394,Jaipur,FB,Manisha Parte,Active lead,NO,NO
michael,9243272243,malda,FB,Anchal Mishra,Active lead,NO,NO
charlot,9243272232,Naihati,FB,Nilesh Shinde,End Lead,NO,NO
william,9243272232,Chennai,FB,Deepali Yadav,Active lead,NO,NO
hanna,9243272199,Srikakulam,FB,Ritik Yadav,End Lead,NO,NO
jacobrivera,9243272177,Tirupattur,FB,Abhijeet Bramhane,Active lead,NO,NO
sopia,9243272188,Safidon,FB,Akash Sharma,End Lead,NO,NO
andre,9243272172,Jaipur,FB,Suryakant Choudhary,Hot lead,YES,Coverted
hernandez,9243272234,Erode,FB,Sushant Nikam,End Lead,NO,NO
watson,9243272228,nashik,FB,Azimuddin Mohd,Active lead,NO,NO
martin,9243272222,Vellore,FB,Tamanna Sahu,End Lead,NO,NO
adams,9243272242,Shimla,FB,Rohit Sonar,Hot lead,YES,Coverted
clark behnjamin,9243272779,Parbhani,FB,Senthil Nadar,End Lead,NO,NO
oliva,9243272192,Navi Mumbai,PZ VIP,Ronak Jadhav,Active lead,NO,NO
james ethan,9243272197,bhubaneswar,whatsapp,Deepali Kasatwar,End Lead,NO,NO
isabe white,9243272228,chakur,whatsapp,Roshan Patil,End Lead,NO,NO
logan jones,9243272222,belgaum,whatsapp,Kiran Dhakal,Active lead,NO,NO
walker,9243272212,mysore,whatsapp,Pooja Melwani,Active lead,NO,NO
jackthomas,9243272229,Rourkela,whatsapp,Manisha Parte,End Lead,NO,NO
abigaillewis,9243272224,kendrapara,whatsapp,Anchal Mishra,End Lead,NO,NO
sanchez,9243272249,baragur,whatsapp,Nilesh Shinde,End Lead,NO,NO
morris s,9243272222,Konarka,whatsapp,Deepali Yadav,End Lead,NO,NO
lucas w,9243272237,Bangalore,whatsapp,Ritik Yadav,Hot lead,YES,Converted
emily,9243272199,Chittoor,PZ VIP,Ronak Jadhav,End Lead,NO,NO
naohill,9243272292,mysore,Calling,Deepali Kasatwar,Active lead,NO,NO
roddrigez m,9243272222,Rourkela,Calling,Roshan Patil,End Lead,NO,NO
jacob,9243272172,kendrapara,whatsapp,Kiran Dhakal,Active lead,NO,NO
hannah,9243272122,baragur,whatsapp,Pooja Melwani,Active lead,NO,NO
oliver mm,9243272143,Konarka,whatsapp,Manisha Parte,Active lead,NO,NO
avaalll,9243272121,Bangalore,FB,Anchal Mishra,Active lead,NO,NO
samuele w,9243272341,Tamilnadu,FB,Nilesh Shinde,Active lead,NO,NO
jamesh ,9243234721,Berhampore,FB,Deepali Yadav,End Lead,NO,NO
eliz,9243237721,sitamarhi,FB,Ritik Yadav,End Lead,NO,NO
daniel,9247832721,Mumbai,FB,Abhijeet Bramhane,Hot lead,NO,YES
sophia p,9243212721,Nagpur,FB,Akash Sharma,Hot lead,YES,Coverted
william adams,9229432721,Dibrugarh,FB,Suryakant Choudhary,End Lead,NO,NO
mialee,9243192721,Vaidpura Etawah,FB,Sushant Nikam,End Lead,NO,NO
Rajeshh,9244132721,Navi Mumbai,whatsapp,Sushant Nikam,End Lead,NO,NO
